",""education"",""ofjobs"",""yearsexp"",""computerskills"",""call"",""female"",""black"""
1,4,2,6,1,0,1,0
2,3,3,6,1,0,1,0
3,4,1,6,1,0,1,1
4,3,4,6,1,0,1,1
5,3,3,22,1,0,1,0
6,4,2,6,0,0,0,0
7,4,2,5,1,0,1,0
8,3,4,21,1,0,1,1
9,4,3,3,1,0,1,1
10,4,2,6,0,0,0,1
11,4,4,8,1,0,1,1
12,4,4,8,1,0,1,0
13,4,4,4,1,0,1,1
14,4,2,4,1,0,1,0
15,4,2,5,0,0,1,1
16,1,3,4,1,0,0,0
17,4,3,5,0,0,0,0
18,4,3,6,0,0,1,1
19,4,2,6,0,0,1,0
20,2,2,8,0,0,1,1
21,4,3,4,1,0,0,1
22,4,3,3,1,0,0,0
23,2,2,2,0,0,1,0
24,4,3,7,1,0,1,0
25,4,3,3,1,0,0,0
26,4,4,6,1,0,1,1
27,1,3,4,1,0,1,1
28,3,4,6,1,0,1,0
29,3,3,7,1,0,1,1
30,4,3,2,1,0,1,1
31,2,2,6,1,0,1,0
32,3,4,6,1,0,1,1
33,3,2,9,1,0,1,0
34,4,3,6,1,0,1,1
35,2,2,4,0,0,0,0
36,3,3,5,1,0,1,0
37,4,3,4,1,0,1,1
38,4,3,3,0,0,1,1
39,3,3,4,1,0,1,1
40,4,3,5,0,0,1,0
41,4,2,5,1,0,1,0
42,4,3,5,0,0,0,1
43,4,4,7,1,0,1,0
44,4,4,6,1,0,1,0
45,4,4,5,1,0,1,1
46,3,2,7,1,0,1,1
47,0,2,4,1,0,0,0
48,4,3,5,0,0,1,1
49,4,3,4,1,0,1,0
50,4,3,5,1,0,1,1
51,4,4,6,1,0,1,1
52,4,3,6,1,0,1,0
53,4,5,13,1,0,1,0
54,4,2,19,1,0,1,1
55,2,3,5,0,0,0,0
56,4,5,7,1,0,1,1
57,4,4,21,1,0,1,0
58,2,3,5,0,0,0,1
59,4,4,4,1,0,1,0
60,4,3,5,1,0,1,1
61,4,4,6,1,0,1,1
62,3,3,5,1,0,1,0
63,0,2,5,1,0,1,0
64,4,2,6,0,0,1,0
65,4,3,6,0,0,1,1
66,4,4,6,1,0,1,1
67,4,3,6,1,0,1,1
68,3,3,4,1,0,1,0
69,4,4,8,1,0,1,1
70,4,4,5,1,0,1,0
71,4,2,5,0,0,0,0
72,1,3,5,1,0,0,1
73,3,4,6,1,0,1,1
74,4,2,5,0,0,1,0
75,3,3,3,1,0,1,0
76,4,3,4,1,0,0,1
77,4,3,12,1,0,1,0
78,3,3,11,1,0,1,1
79,4,2,9,1,0,1,1
80,4,3,10,1,0,1,0
81,4,4,5,1,0,0,1
82,4,4,4,1,0,0,0
83,4,2,4,1,0,0,0
84,4,5,3,1,0,0,1
85,2,3,4,0,0,0,1
86,2,3,7,1,1,0,0
87,1,3,3,1,0,0,0
88,4,2,3,1,0,1,1
89,4,4,2,1,0,1,0
90,4,4,4,1,0,1,0
91,4,2,4,0,0,1,1
92,4,3,4,1,0,0,0
93,4,6,4,1,0,1,1
94,4,3,2,1,0,0,1
95,4,4,10,1,0,1,1
96,2,3,4,0,1,0,0
97,2,3,5,0,0,0,1
98,4,5,11,1,0,1,0
99,4,2,3,1,0,1,1
100,4,4,2,1,0,1,0
101,4,4,7,1,0,1,1
102,4,4,7,1,0,1,0
103,4,3,4,0,0,0,1
104,4,3,4,0,0,0,0
105,4,4,4,1,0,1,0
106,4,2,6,0,1,1,0
107,4,5,6,1,0,1,1
108,4,3,6,0,1,1,1
109,4,3,6,0,0,1,1
110,4,2,6,0,0,1,0
111,4,2,6,0,0,0,0
112,4,2,4,0,0,1,1
113,2,3,23,1,0,1,0
114,4,4,5,1,0,1,1
115,3,3,4,1,0,1,0
116,4,3,4,1,0,1,1
117,3,4,5,1,0,1,0
118,3,3,5,1,0,1,1
119,3,4,5,1,0,1,1
120,2,3,1,0,0,1,0
121,4,2,5,0,0,1,1
122,4,4,5,1,0,1,0
123,4,3,5,0,0,1,0
124,4,4,8,1,0,1,0
125,2,3,4,0,0,1,1
126,4,4,9,1,0,1,1
127,4,1,9,1,1,1,1
128,3,2,5,0,1,0,0
129,4,3,6,0,0,1,1
130,3,3,8,1,0,1,0
131,4,4,9,1,0,1,0
132,4,3,9,1,0,1,1
133,4,3,5,0,0,0,0
134,4,3,10,1,0,1,1
135,4,4,8,1,0,1,0
136,2,3,6,1,0,0,0
137,4,4,5,1,0,1,1
138,2,3,4,0,0,0,1
139,3,4,6,1,0,1,1
140,3,3,4,1,0,1,0
141,2,2,6,1,0,1,0
142,0,2,4,1,0,1,1
143,3,3,5,1,0,1,1
144,4,3,4,0,0,1,0
145,2,3,6,0,0,0,1
146,2,3,4,0,0,1,0
147,2,3,7,1,0,1,0
148,3,3,9,1,0,1,0
149,4,2,7,1,0,1,1
150,3,4,8,1,0,1,1
151,4,5,6,1,0,0,0
152,4,3,9,1,0,0,1
153,3,2,12,1,0,1,0
154,2,2,6,1,0,1,1
155,4,3,5,1,0,1,1
156,4,4,7,1,0,1,0
157,4,3,14,0,0,1,1
158,4,5,12,1,0,1,0
159,4,5,7,1,0,1,1
160,3,2,3,0,0,0,1
161,2,3,1,0,0,1,0
162,4,2,5,1,0,1,1
163,4,4,21,1,0,1,0
164,4,3,2,1,0,1,0
165,4,4,7,1,0,1,0
166,4,5,10,1,1,0,0
167,4,5,10,0,0,0,1
168,3,2,7,1,0,1,1
169,4,2,6,1,1,0,0
170,4,3,6,1,0,1,0
171,2,2,6,1,0,1,1
172,3,3,11,1,1,1,1
173,4,4,14,1,0,1,1
174,4,4,8,1,0,1,0
175,4,6,18,1,0,1,0
176,4,3,7,0,0,1,0
177,2,3,8,0,0,0,0
178,4,5,26,0,0,0,0
179,4,6,18,1,0,0,0
180,4,2,6,1,0,0,0
181,4,4,6,1,0,1,1
182,4,5,26,0,0,0,0
183,4,6,18,1,0,0,0
184,4,6,18,1,0,1,0
185,4,4,8,1,0,1,1
186,4,4,10,1,0,1,1
187,4,4,8,1,0,1,1
188,4,4,14,1,0,1,1
189,4,5,26,0,0,1,1
190,4,4,8,1,0,1,1
191,4,4,14,1,0,1,1
192,4,6,18,1,0,1,0
193,4,4,8,1,0,0,0
194,4,4,14,1,0,0,1
195,4,5,26,0,0,1,0
196,4,4,2,1,0,1,0
197,4,5,26,0,0,1,1
198,4,4,14,1,0,1,1
199,4,6,8,1,0,1,1
200,1,3,10,0,0,0,1
201,4,4,8,1,1,1,1
202,4,4,8,1,1,1,0
203,3,4,9,1,0,1,0
204,3,3,9,1,0,1,1
205,4,3,12,1,0,1,0
206,4,4,15,1,0,1,1
207,4,3,5,1,0,1,0
208,4,4,11,1,0,1,1
209,3,3,3,1,0,1,1
210,2,2,6,1,0,1,0
211,4,3,4,1,1,1,0
212,4,4,5,1,0,1,1
213,3,3,4,1,0,1,1
214,2,2,6,1,0,1,0
215,3,3,7,0,0,1,0
216,4,3,3,1,0,0,0
217,4,3,3,1,0,1,1
218,1,3,4,1,0,0,1
219,2,3,4,0,0,1,1
220,2,3,7,0,0,0,0
221,4,5,11,1,0,1,0
222,4,2,10,1,0,1,0
223,4,1,12,1,0,1,1
224,4,3,10,1,0,1,1
225,4,3,5,1,0,1,1
226,3,3,5,1,0,1,0
227,3,4,6,1,0,1,1
228,4,4,5,1,0,1,0
229,3,2,4,1,0,1,0
230,4,3,6,1,0,1,0
231,4,2,25,1,0,1,1
232,4,4,21,1,0,1,1
233,4,3,6,1,0,1,0
234,3,4,6,1,0,1,0
235,3,4,4,1,0,1,1
236,3,3,5,1,0,1,1
237,3,4,9,1,0,1,1
238,4,3,4,1,0,1,0
239,3,3,5,1,0,1,0
240,4,1,5,1,0,1,1
241,4,5,4,1,0,1,1
242,4,3,4,1,0,1,0
243,4,3,5,1,0,1,1
244,4,4,7,0,0,1,0
245,4,3,9,0,0,1,1
246,4,3,7,1,0,1,0
247,3,4,9,1,0,1,0
248,4,3,10,1,1,1,0
249,4,2,9,1,0,1,1
250,3,3,10,1,0,1,1
251,4,4,16,1,0,1,0
252,4,5,12,1,0,1,1
253,4,4,11,1,0,1,0
254,4,2,13,1,0,1,1
255,3,5,4,1,0,1,1
256,4,4,4,1,0,1,0
257,4,4,5,1,0,1,1
258,4,6,4,1,0,1,0
259,4,5,12,1,0,0,0
260,4,4,3,1,1,0,1
261,3,3,6,1,0,1,0
262,4,6,4,1,0,0,1
263,4,4,7,1,0,0,0
264,4,2,5,1,0,0,1
265,4,2,6,1,0,0,0
266,4,4,2,1,0,0,1
267,4,4,6,1,0,0,0
268,4,2,4,0,1,1,0
269,4,3,4,0,0,0,1
270,4,5,11,1,1,0,1
271,4,4,6,1,1,1,0
272,4,5,6,1,1,1,1
273,4,4,6,1,1,1,0
274,4,2,6,1,0,1,1
275,4,3,4,0,0,1,1
276,4,2,6,1,0,1,0
277,4,5,8,1,0,1,0
278,0,2,4,1,0,1,0
279,4,4,8,1,0,1,1
280,4,4,6,1,0,1,1
281,4,2,3,1,0,1,1
282,4,4,7,0,0,1,0
283,4,4,2,1,0,1,0
284,4,3,6,0,0,1,0
285,4,6,4,1,0,1,1
286,4,2,6,0,0,1,1
287,4,2,7,1,0,1,1
288,4,4,9,1,0,1,1
289,4,2,15,1,0,1,0
290,4,4,12,1,0,1,0
291,4,3,6,0,0,1,1
292,4,4,4,1,0,1,0
293,4,2,6,0,0,1,0
294,4,6,7,1,0,1,0
295,4,4,6,1,0,1,1
296,4,2,5,1,0,1,1
297,4,4,7,1,0,1,0
298,4,2,7,1,0,1,0
299,4,4,8,1,0,1,1
300,4,6,7,1,0,1,1
301,2,3,3,1,0,1,0
302,3,3,3,1,0,1,0
303,4,4,5,1,0,1,1
304,4,3,4,1,0,1,1
305,3,3,6,1,0,1,1
306,4,3,3,1,0,0,0
307,4,4,6,1,0,1,1
308,3,3,2,1,0,1,0
309,4,3,4,1,0,1,0
310,3,4,21,1,0,1,1
311,4,2,5,1,0,1,0
312,4,2,5,1,0,1,0
313,4,3,5,1,0,1,1
314,4,3,4,1,0,1,1
315,3,3,5,1,0,1,0
316,4,3,5,0,0,0,1
317,4,3,6,1,0,1,0
318,4,3,6,1,0,1,0
319,4,4,6,1,0,1,1
320,3,3,6,1,0,1,1
321,3,3,3,1,0,1,1
322,3,3,16,1,0,1,0
323,3,3,6,1,0,1,1
324,4,4,6,1,0,1,0
325,4,5,7,1,0,1,0
326,4,4,4,1,0,1,0
327,4,4,11,1,0,1,1
328,4,2,5,0,0,1,0
329,3,4,2,1,0,1,1
330,2,3,5,0,0,0,1
331,2,3,4,0,0,0,0
332,2,3,6,1,0,1,1
333,3,3,5,1,0,1,0
334,2,2,6,1,0,1,0
335,3,3,4,1,0,1,1
336,3,4,6,1,0,1,1
337,3,4,6,1,0,1,0
338,2,2,4,1,0,1,1
339,3,3,4,1,0,1,1
340,2,3,4,0,0,1,0
341,3,3,4,1,0,1,0
342,2,3,6,1,0,0,1
343,4,1,12,1,0,1,0
344,3,3,16,1,0,1,0
345,4,3,7,1,0,1,1
346,4,2,15,1,0,1,1
347,2,3,1,0,0,1,0
348,4,1,11,1,0,0,1
349,4,1,1,1,1,0,0
350,3,2,3,1,0,1,1
351,3,3,8,1,0,1,0
352,4,5,6,1,0,1,0
353,4,2,8,0,0,1,1
354,3,2,5,0,0,0,1
355,4,4,6,1,0,1,1
356,4,4,6,1,0,1,1
357,4,3,7,0,0,0,0
358,4,6,8,1,0,0,0
359,4,5,8,1,0,0,0
360,4,4,2,1,0,1,1
361,4,6,8,0,0,0,0
362,4,3,7,0,0,0,0
363,4,6,8,1,0,0,0
364,4,4,2,1,0,0,0
365,4,4,6,1,0,0,1
366,4,4,6,1,0,0,0
367,4,3,7,0,0,0,1
368,4,4,8,0,0,0,1
369,4,4,6,1,0,0,1
370,4,2,10,1,0,1,1
371,4,4,2,1,0,0,1
372,4,3,7,0,0,1,0
373,4,4,2,1,0,1,0
374,4,6,8,1,0,1,0
375,4,4,2,1,0,1,1
376,4,6,8,1,0,1,1
377,4,3,7,0,0,0,0
378,4,6,8,1,0,0,1
379,2,4,16,1,0,1,0
380,4,6,7,0,0,1,1
381,4,1,5,1,0,1,1
382,3,5,4,1,0,1,0
383,4,7,5,1,1,1,0
384,4,3,13,1,1,0,1
385,4,5,8,0,0,0,0
386,4,4,20,0,0,0,1
387,4,5,8,0,0,1,0
388,4,7,5,1,0,1,1
389,4,4,20,0,1,0,0
390,4,3,13,1,0,1,1
391,3,2,2,1,0,1,0
392,4,5,14,1,0,1,1
393,3,3,4,1,0,1,0
394,3,2,1,1,0,1,1
395,3,3,4,1,0,1,1
396,3,2,2,0,0,1,0
397,4,2,4,1,0,1,0
398,3,2,1,1,0,1,1
399,4,6,8,1,0,1,0
400,4,4,6,1,0,1,0
401,4,3,7,0,0,1,1
402,4,4,2,1,0,0,1
403,3,5,13,1,0,1,0
404,4,3,8,1,0,1,1
405,4,5,9,1,0,1,0
406,3,3,4,1,0,1,1
407,4,3,7,0,0,0,0
408,4,4,6,1,0,0,1
409,3,3,4,1,0,1,1
410,4,6,7,0,0,1,0
411,3,5,26,1,0,1,0
412,3,6,16,1,0,1,1
413,4,7,5,1,0,0,1
414,4,4,20,0,1,1,0
415,4,5,8,0,0,0,0
416,4,3,13,1,0,1,1
417,4,3,8,1,0,1,1
418,3,5,5,0,0,1,0
419,2,4,18,0,0,1,0
420,3,3,7,1,0,1,1
421,4,6,8,1,0,1,0
422,4,4,6,1,0,0,1
423,4,3,7,0,0,0,0
424,4,4,2,1,0,0,1
425,3,5,5,0,0,1,0
426,4,5,14,1,0,1,0
427,4,4,11,1,1,1,1
428,4,6,9,1,1,1,1
429,4,4,2,1,0,1,0
430,4,6,8,1,0,1,1
431,4,4,6,1,0,1,0
432,4,3,7,0,0,1,1
433,3,5,13,1,0,1,0
434,4,1,5,1,0,1,0
435,4,6,7,0,0,1,1
436,3,6,16,1,0,1,1
437,4,3,7,0,0,0,0
438,4,4,2,1,0,1,0
439,4,6,8,1,0,0,1
440,4,4,6,1,0,0,1
441,1,3,10,0,0,1,0
442,4,4,10,1,0,1,1
443,4,2,6,1,1,0,0
444,2,3,8,0,0,1,1
445,3,4,5,1,0,1,1
446,3,2,7,1,0,1,0
447,4,4,6,1,0,1,1
448,4,4,11,1,1,1,0
449,3,3,3,1,0,1,0
450,4,4,11,1,0,1,0
451,2,2,6,1,0,1,1
452,4,3,5,1,0,1,1
453,4,4,6,1,0,1,1
454,3,3,7,1,0,1,0
455,3,4,7,1,0,1,1
456,4,4,6,1,0,1,0
457,3,3,21,1,0,1,0
458,4,2,19,1,0,1,0
459,3,3,23,1,0,1,1
460,4,3,9,1,0,1,1
461,3,3,4,1,0,1,0
462,4,1,4,1,0,1,0
463,3,2,4,1,0,1,1
464,4,3,4,1,0,1,1
465,4,4,6,1,0,1,1
466,3,3,8,1,0,1,0
467,4,3,7,1,0,1,1
468,3,3,6,1,0,1,0
469,3,3,9,1,0,1,0
470,4,4,12,1,0,1,1
471,4,4,11,1,0,1,0
472,3,4,11,1,0,1,1
473,4,4,21,1,1,1,0
474,4,2,19,1,0,1,1
475,3,3,20,1,1,1,1
476,3,4,21,1,1,1,0
477,4,3,5,1,1,1,1
478,3,3,5,1,1,1,0
479,2,3,4,1,1,1,1
480,4,3,4,1,1,1,0
481,4,3,4,1,0,1,0
482,4,3,4,1,0,1,1
483,3,4,9,1,0,1,1
484,4,5,4,1,0,1,0
485,4,4,6,1,0,1,0
486,4,3,5,1,0,1,1
487,4,3,5,1,0,1,0
488,4,4,4,1,0,1,1
489,3,3,10,1,0,1,0
490,4,1,11,1,0,1,0
491,3,4,11,1,0,1,1
492,4,2,10,1,0,1,1
493,4,4,5,1,0,1,0
494,4,5,9,1,0,1,0
495,4,3,5,0,0,1,1
496,2,2,4,0,0,1,0
497,4,3,2,1,0,1,1
498,4,4,8,1,0,1,1
499,4,2,5,1,0,1,1
500,4,2,5,0,0,0,0
501,4,4,11,1,0,1,0
502,4,2,6,1,0,1,0
503,4,4,11,1,0,1,1
504,4,2,6,1,0,1,1
505,4,4,6,1,0,1,1
506,4,2,6,1,0,1,0
507,4,4,6,1,0,1,0
508,4,2,14,1,0,1,1
509,4,4,7,1,0,1,1
510,4,4,4,1,0,1,0
511,4,6,4,1,0,1,0
512,4,2,3,1,0,1,1
513,4,4,4,1,0,1,0
514,3,4,6,1,0,1,1
515,4,3,7,1,0,1,0
516,4,3,5,1,0,1,1
517,2,3,3,1,0,1,0
518,3,3,5,1,0,1,1
519,3,3,5,1,0,1,0
520,3,4,6,1,0,1,1
521,4,3,4,1,0,1,0
522,4,4,6,1,0,1,1
523,4,3,2,1,0,1,0
524,4,3,6,1,0,1,1
525,4,3,7,1,0,1,0
526,4,4,5,1,0,1,1
527,3,2,8,1,0,1,0
528,4,4,5,1,0,1,0
529,3,3,1,1,0,1,1
530,4,2,12,1,0,1,1
531,3,3,6,1,0,1,0
532,3,4,8,1,0,1,1
533,3,3,4,1,0,1,1
534,2,2,7,1,0,1,0
535,3,3,3,1,0,1,1
536,4,4,4,1,0,1,0
537,4,2,6,0,0,1,0
538,4,2,5,1,0,0,1
539,3,3,3,1,0,1,0
540,3,3,5,1,0,1,1
541,3,3,12,1,0,1,1
542,3,4,6,1,0,1,1
543,4,4,6,1,0,1,0
544,3,3,9,1,0,1,0
545,4,6,8,1,0,1,1
546,4,6,8,1,0,1,0
547,4,4,2,1,0,1,0
548,4,4,2,1,0,1,0
549,4,4,6,1,0,1,0
550,4,2,6,1,0,0,0
551,4,4,2,1,0,0,0
552,4,4,6,1,0,0,1
553,4,6,8,1,0,1,0
554,4,3,7,0,0,0,0
555,4,4,6,1,0,0,0
556,4,3,7,0,0,0,1
557,4,4,2,1,0,0,1
558,1,3,10,0,0,0,0
559,4,6,8,1,0,0,1
560,4,4,2,1,0,0,1
561,4,3,7,0,0,1,1
562,4,3,7,0,0,1,1
563,4,4,10,1,0,1,1
564,4,6,8,1,0,1,1
565,4,6,8,1,0,1,0
566,4,3,7,0,0,0,0
567,4,3,7,0,0,0,0
568,4,4,2,1,0,0,1
569,4,4,6,1,0,1,1
570,2,3,8,0,0,1,1
571,4,4,6,1,0,0,0
572,4,4,6,1,0,0,1
573,4,4,14,1,0,0,0
574,4,5,26,0,0,1,1
575,4,6,18,1,0,0,1
576,4,4,8,1,0,0,0
577,3,5,26,1,1,1,1
578,4,6,7,0,1,1,0
579,3,5,4,1,0,1,1
580,4,1,5,1,0,1,0
581,4,4,6,1,0,1,1
582,4,4,2,1,0,1,1
583,4,6,8,1,1,1,0
584,4,3,7,0,0,1,0
585,1,3,10,0,0,0,1
586,2,3,8,0,0,0,0
587,4,4,10,1,0,1,0
588,4,2,6,1,0,0,1
589,4,5,14,1,0,1,0
590,4,5,9,1,0,1,1
591,3,5,4,1,0,1,0
592,3,5,13,1,0,1,1
593,4,6,9,1,1,1,0
594,3,3,4,1,0,1,1
595,4,5,14,1,0,1,1
596,3,3,7,1,1,1,0
597,3,3,7,1,0,1,0
598,4,5,14,1,0,1,0
599,4,6,9,1,0,1,1
600,3,5,13,1,0,1,1
601,4,6,13,0,1,1,0
602,4,4,23,1,0,0,0
603,4,2,10,1,0,0,1
604,0,4,18,1,0,1,1
605,3,4,6,1,0,1,1
606,3,3,6,1,0,1,0
607,2,2,6,1,0,1,0
608,3,3,6,1,0,1,1
609,4,3,11,1,0,1,0
610,3,2,12,1,0,1,1
611,4,2,12,1,0,1,1
612,4,1,11,1,0,1,0
613,3,4,7,1,0,1,0
614,3,3,7,1,0,1,1
615,4,4,7,1,0,1,1
616,4,3,7,1,0,1,0
617,3,3,12,1,0,1,0
618,2,1,13,1,0,1,1
619,3,2,12,1,0,1,1
620,3,3,11,1,0,1,0
621,4,3,5,1,0,1,1
622,4,3,5,1,0,1,0
623,4,3,6,1,0,1,0
624,4,4,6,1,0,1,1
625,2,3,3,1,0,1,0
626,4,3,2,1,0,1,1
627,4,3,5,1,0,1,0
628,3,3,5,1,0,1,1
629,4,3,7,1,0,1,1
630,4,3,6,1,0,1,0
631,3,3,7,1,0,1,0
632,4,5,7,1,0,1,1
633,4,4,8,1,0,1,0
634,4,2,6,1,0,1,1
635,4,4,8,1,0,1,1
636,4,4,7,1,0,1,0
637,3,4,9,1,0,1,1
638,4,5,4,1,0,1,1
639,4,3,4,1,0,1,0
640,4,3,4,1,0,1,0
641,4,4,6,1,0,1,0
642,4,4,6,0,0,1,0
643,4,4,5,0,0,1,1
644,4,2,7,1,0,1,1
645,4,2,4,1,0,1,0
646,4,4,5,1,0,1,0
647,4,1,4,1,0,1,1
648,4,4,7,1,0,1,1
649,4,2,5,0,0,1,0
650,4,4,11,1,0,1,0
651,4,2,6,1,0,1,1
652,4,3,5,0,0,1,1
653,4,2,6,1,0,1,0
654,4,4,11,1,0,1,1
655,4,2,6,1,0,1,0
656,4,4,11,1,0,1,0
657,4,2,6,1,0,1,1
658,4,4,11,1,0,1,1
659,4,4,6,1,0,1,0
660,4,2,14,1,0,1,1
661,4,2,6,1,0,1,0
662,4,4,6,1,0,1,1
663,4,4,4,1,0,1,0
664,4,5,8,1,0,1,1
665,4,4,3,1,0,1,0
666,4,2,3,1,0,1,1
667,4,4,6,1,0,1,0
668,3,4,21,1,0,1,1
669,3,3,3,1,0,1,0
670,4,3,4,1,0,1,1
671,3,3,2,1,0,1,0
672,4,2,19,1,0,1,1
673,3,2,8,1,0,1,0
674,4,4,5,1,0,1,1
675,3,4,3,1,0,1,0
676,3,3,3,1,0,1,1
677,4,4,4,1,0,1,1
678,4,3,4,1,0,1,0
679,4,3,4,1,0,1,0
680,4,4,12,1,0,1,1
681,3,4,21,1,0,1,0
682,4,4,7,1,0,1,1
683,3,3,16,1,0,1,0
684,3,3,5,1,0,1,1
685,3,4,6,1,0,1,1
686,2,3,3,1,0,1,0
687,4,2,15,1,0,1,1
688,4,4,3,1,0,1,0
689,4,5,6,1,0,0,0
690,4,5,8,1,0,1,1
691,2,2,6,1,0,1,0
692,4,4,7,1,0,1,1
693,3,2,5,1,0,1,0
694,4,3,5,1,0,1,1
695,4,4,6,1,0,1,1
696,4,3,7,0,0,1,0
697,4,4,2,1,0,1,0
698,4,4,2,1,0,1,0
699,4,6,8,1,0,0,0
700,4,4,2,1,0,0,0
701,4,2,6,1,0,0,0
702,4,4,6,1,0,1,0
703,4,2,10,1,0,1,0
704,2,3,8,0,0,1,0
705,4,4,10,1,0,0,1
706,4,4,6,1,0,0,0
707,4,4,2,1,0,0,0
708,4,4,8,0,0,0,1
709,4,3,7,0,0,1,0
710,4,3,7,0,0,0,1
711,4,4,6,1,0,0,1
712,4,6,8,1,0,0,1
713,4,6,8,1,0,1,1
714,4,3,7,0,0,1,1
715,4,6,8,1,0,1,1
716,4,4,2,1,0,1,1
717,4,4,6,1,0,1,0
718,4,6,8,0,0,0,1
719,4,6,8,1,0,0,0
720,4,3,7,0,0,0,1
721,4,4,6,1,0,1,0
722,4,5,8,1,0,1,0
723,1,3,10,0,0,1,1
724,4,4,2,1,0,1,1
725,4,6,8,1,0,0,1
726,4,3,7,0,0,0,1
727,4,6,9,1,0,1,0
728,4,5,14,1,0,1,1
729,3,3,7,1,0,1,0
730,3,5,13,1,0,1,1
731,3,5,26,1,0,1,1
732,4,3,8,1,0,1,0
733,3,5,13,1,0,1,1
734,4,4,11,1,0,1,0
735,3,2,2,0,1,1,0
736,3,5,13,1,1,1,1
737,3,3,4,1,0,1,0
738,2,5,19,0,0,1,1
739,4,5,10,1,0,1,0
740,4,3,10,1,0,0,1
741,4,6,18,0,0,0,0
742,4,5,26,0,0,1,1
743,4,2,4,1,0,1,1
744,4,1,4,1,0,1,0
745,3,3,4,1,0,1,0
746,3,4,4,1,0,1,1
747,4,4,4,1,0,1,0
748,4,2,4,1,0,1,1
749,4,3,4,1,0,1,0
750,3,4,21,1,0,1,1
751,4,4,4,1,0,1,1
752,3,3,16,1,0,1,0
753,3,2,4,1,0,1,0
754,4,3,4,1,0,1,0
755,4,1,4,1,0,1,1
756,3,3,4,1,0,1,1
757,4,3,5,1,1,1,0
758,3,3,3,1,0,1,1
759,2,2,6,1,1,1,0
760,4,4,11,1,0,1,1
761,4,1,12,1,0,1,0
762,3,3,14,1,0,1,0
763,3,4,13,1,0,1,1
764,4,2,12,1,0,1,1
765,4,1,12,1,1,1,1
766,4,5,11,1,1,1,0
767,4,2,11,1,0,1,0
768,3,2,12,1,0,1,1
769,4,3,3,1,0,1,1
770,3,2,6,1,0,1,1
771,4,3,7,1,0,1,0
772,3,3,8,1,0,1,0
773,3,3,16,1,0,1,0
774,3,4,17,1,0,1,1
775,4,4,5,1,0,1,0
776,4,3,5,1,0,1,1
777,0,2,4,1,0,1,0
778,4,4,9,1,0,1,1
779,4,5,6,1,0,1,1
780,4,4,8,1,0,1,0
781,4,4,6,1,0,1,1
782,4,3,6,1,0,1,0
783,4,5,3,1,0,1,1
784,3,3,5,1,0,1,0
785,2,1,4,1,0,1,0
786,4,5,6,1,0,1,1
787,4,3,8,1,0,1,0
788,4,3,9,0,0,1,1
789,4,4,7,0,0,1,0
790,4,3,5,1,0,1,1
791,4,4,9,1,0,1,0
792,4,4,7,1,0,1,1
793,4,4,15,1,0,1,1
794,4,4,6,1,0,1,0
795,4,4,5,1,0,1,1
796,4,3,9,1,0,1,0
797,4,2,3,1,0,1,0
798,4,6,4,1,0,1,0
799,4,4,5,1,0,1,1
800,4,4,4,1,0,1,1
801,4,4,12,1,0,1,0
802,4,2,7,1,0,1,0
803,4,4,9,1,0,1,1
804,4,2,15,1,0,1,1
805,4,4,10,1,0,1,1
806,4,2,11,1,0,1,0
807,4,5,10,1,1,1,0
808,4,4,10,1,0,1,1
809,3,3,5,1,0,1,1
810,3,3,16,1,0,1,0
811,3,4,6,1,0,1,0
812,2,3,3,1,0,1,1
813,4,4,6,1,0,1,0
814,3,3,3,1,0,1,0
815,4,4,5,1,0,1,1
816,4,3,4,1,0,1,1
817,4,3,12,1,0,1,0
818,4,4,16,1,0,1,1
819,3,4,21,1,0,1,0
820,3,3,16,1,0,1,1
821,3,3,16,1,1,1,0
822,2,3,3,1,0,1,0
823,3,4,6,1,0,1,1
824,3,3,5,1,0,1,1
825,2,3,3,1,0,1,0
826,4,4,5,1,0,1,0
827,3,3,5,1,0,1,1
828,3,4,6,1,0,1,1
829,4,3,7,0,0,1,0
830,4,4,2,1,0,0,0
831,4,4,2,1,0,0,0
832,4,3,7,0,0,0,0
833,4,4,6,1,0,0,0
834,4,4,2,1,0,0,0
835,4,6,8,1,0,1,0
836,4,6,8,1,0,1,0
837,4,3,7,0,0,0,0
838,4,3,7,0,0,0,1
839,4,4,6,1,0,0,1
840,4,6,8,1,0,0,1
841,4,4,2,1,0,0,1
842,4,4,6,1,0,0,0
843,4,3,7,0,0,1,1
844,4,4,6,1,0,1,1
845,4,4,6,1,0,1,1
846,4,6,8,1,0,1,1
847,4,4,2,1,0,1,1
848,4,6,8,1,0,1,1
849,4,6,8,1,0,1,1
850,4,3,7,0,0,1,0
851,4,4,6,1,0,0,0
852,4,6,8,1,0,1,0
853,4,4,6,1,0,1,0
854,4,4,2,1,0,1,0
855,4,4,2,1,0,0,0
856,4,3,7,0,0,0,1
857,4,3,7,0,0,0,1
858,4,4,6,1,0,0,1
859,4,6,8,1,0,0,1
860,4,4,2,1,0,0,1
861,2,5,19,0,0,1,0
862,3,5,13,1,0,1,0
863,3,3,7,1,0,1,1
864,4,6,9,1,0,1,1
865,4,5,9,1,0,1,0
866,3,5,4,1,0,1,1
867,3,3,4,1,0,1,0
868,2,4,16,1,0,1,1
869,3,2,1,1,0,1,0
870,4,5,9,1,0,1,1
871,3,7,18,1,0,1,0
872,4,6,7,1,0,1,1
873,3,5,13,1,0,1,0
874,4,6,9,1,0,1,1
875,2,5,19,0,0,1,0
876,3,5,5,0,0,1,1
877,4,5,14,1,0,1,0
878,3,3,4,1,0,1,1
879,3,2,2,0,0,1,1
880,3,5,5,0,0,1,0
881,4,4,6,1,0,1,0
882,4,4,4,1,0,1,0
883,4,3,7,0,0,1,1
884,4,4,7,1,0,0,1
885,4,1,4,1,0,1,1
886,4,2,4,1,1,1,0
887,3,4,4,1,1,1,0
888,3,3,4,1,0,1,1
889,4,4,14,1,1,1,0
890,4,4,11,1,0,1,1
891,2,1,9,1,0,1,1
892,4,3,6,1,0,1,0
893,3,2,7,1,0,1,1
894,4,4,11,1,0,1,0
895,4,4,4,1,0,1,0
896,4,3,4,1,0,1,1
897,4,4,6,1,0,1,1
898,4,3,5,1,1,1,0
899,4,2,19,1,0,1,1
900,4,5,13,1,0,1,0
901,4,4,21,1,0,1,0
902,4,5,7,1,0,1,1
903,3,4,14,1,0,1,0
904,4,3,12,1,0,1,1
905,4,3,12,1,0,1,0
906,4,4,15,1,0,1,1
907,3,2,11,1,0,1,0
908,3,2,22,1,0,1,1
909,4,5,13,1,0,1,1
910,4,3,11,1,1,1,0
911,4,1,12,1,1,1,0
912,3,3,13,1,0,1,1
913,4,3,11,1,0,1,0
914,2,2,11,1,0,1,1
915,4,4,6,1,0,1,0
916,3,4,6,1,0,1,1
917,4,2,4,1,0,1,1
918,3,5,3,1,0,1,0
919,3,3,9,1,0,1,0
920,3,3,8,1,0,1,0
921,4,3,6,1,0,1,1
922,4,4,8,1,0,1,1
923,4,5,13,1,0,1,0
924,4,2,19,1,0,1,1
925,4,4,21,1,1,1,0
926,4,5,7,1,1,1,1
927,4,4,5,1,0,1,0
928,3,4,6,1,0,1,0
929,4,3,5,1,0,1,1
930,3,3,5,1,0,1,1
931,3,3,11,1,0,1,1
932,4,4,8,1,0,1,0
933,4,4,25,1,0,1,0
934,3,4,10,1,0,1,1
935,4,4,3,1,0,1,1
936,4,4,4,1,0,1,0
937,4,3,5,1,0,1,1
938,4,3,4,1,0,1,0
939,4,3,4,1,0,1,0
940,4,4,4,1,0,1,1
941,4,4,4,1,0,1,1
942,4,3,5,1,0,1,0
943,4,2,6,0,0,1,0
944,4,4,5,1,0,0,0
945,4,2,6,1,0,1,1
946,4,5,4,1,0,1,1
947,4,4,5,1,0,1,0
948,4,2,6,1,0,1,0
949,0,2,2,1,0,1,1
950,4,4,6,1,0,1,1
951,4,4,6,1,0,1,1
952,4,2,6,1,0,1,0
953,4,5,6,1,1,1,0
954,4,4,6,1,0,1,1
955,4,4,6,1,0,1,0
956,4,4,4,1,0,1,1
957,4,4,11,1,0,1,0
958,4,2,6,1,0,1,1
959,4,2,6,1,0,1,0
960,4,4,11,1,0,1,1
961,4,4,6,1,0,1,0
962,4,2,14,1,0,1,0
963,4,2,6,1,0,1,1
964,4,4,6,1,0,1,1
965,4,2,5,1,0,1,1
966,4,6,7,1,0,1,0
967,4,4,4,1,0,1,0
968,4,4,6,1,0,1,1
969,4,4,3,1,0,1,0
970,4,4,4,1,0,1,0
971,4,2,3,1,0,1,1
972,4,5,8,1,0,1,1
973,3,4,6,1,0,1,0
974,2,3,3,1,0,1,1
975,3,3,5,1,0,1,0
976,3,3,16,1,0,1,1
977,4,2,5,1,1,1,0
978,4,3,4,1,0,1,1
979,3,3,5,1,0,1,0
980,4,3,5,1,0,1,1
981,4,3,6,1,0,1,0
982,4,4,11,1,0,1,0
983,3,3,21,1,0,1,1
984,2,3,4,1,0,1,1
985,3,4,6,1,0,1,0
986,4,4,11,1,0,1,1
987,4,5,7,1,0,1,1
988,3,3,5,1,1,1,0
989,4,4,3,1,1,1,1
990,4,2,15,1,0,1,0
991,3,2,4,1,0,1,0
992,4,4,5,1,0,1,1
993,3,3,4,1,0,1,0
994,4,2,5,1,0,1,1
995,2,3,2,1,0,1,1
996,3,3,5,1,0,1,1
997,2,1,1,1,0,1,0
998,4,3,6,1,0,1,0
999,4,4,6,1,0,1,0
1000,4,6,8,1,0,0,0
1001,4,4,6,1,0,0,0
1002,4,6,18,1,0,0,0
1003,4,3,7,0,0,0,1
1004,4,4,2,1,0,1,1
1005,4,6,8,1,0,1,0
1006,4,4,2,1,0,0,0
1007,4,3,7,0,0,0,1
1008,4,4,6,1,0,0,0
1009,4,4,2,1,1,0,0
1010,4,4,6,1,0,0,1
1011,4,4,14,1,0,0,1
1012,4,4,8,1,0,1,0
1013,4,3,7,0,0,1,0
1014,4,4,2,1,0,0,1
1015,4,3,7,0,0,1,1
1016,4,4,2,1,0,1,1
1017,4,6,8,1,0,1,0
1018,4,4,8,1,0,1,1
1019,4,3,7,0,0,1,1
1020,4,4,14,1,0,1,1
1021,4,6,8,1,0,1,0
1022,4,5,26,0,0,0,1
1023,4,4,6,1,0,0,1
1024,4,4,6,1,0,0,1
1025,4,4,2,1,0,0,1
1026,4,3,7,0,0,0,0
1027,4,6,8,1,0,1,0
1028,4,5,26,0,0,0,0
1029,4,4,6,1,0,0,0
1030,4,6,18,1,0,0,0
1031,4,6,8,1,0,0,0
1032,4,4,2,1,0,0,1
1033,4,4,2,1,0,0,1
1034,4,6,8,1,0,1,1
1035,4,3,7,0,0,0,0
1036,4,4,6,1,0,0,0
1037,4,3,7,0,0,0,1
1038,4,6,8,1,0,0,1
1039,3,6,16,1,0,1,0
1040,3,3,7,1,0,1,0
1041,2,4,16,1,0,1,1
1042,3,5,13,1,0,1,1
1043,2,4,16,1,0,1,0
1044,3,2,1,1,0,1,1
1045,3,5,4,1,0,1,0
1046,3,6,16,1,0,1,1
1047,4,4,6,1,0,0,0
1048,4,4,8,1,0,0,1
1049,4,4,4,1,1,1,0
1050,4,3,13,1,0,0,1
1051,4,5,6,1,0,1,0
1052,4,3,4,1,0,1,1
1053,3,3,5,1,0,1,1
1054,4,3,7,1,0,1,0
1055,4,4,5,1,0,1,0
1056,4,4,15,1,0,1,1
1057,4,3,7,1,0,1,1
1058,3,3,6,1,0,1,0
1059,4,5,13,1,0,1,0
1060,4,5,7,1,0,1,1
1061,4,2,9,1,0,1,1
1062,4,4,10,1,0,1,0
1063,4,4,8,1,0,1,1
1064,3,2,8,1,0,1,0
1065,4,4,8,1,0,1,0
1066,4,4,8,1,0,1,1
1067,4,2,25,1,0,1,0
1068,4,4,21,1,0,1,0
1069,3,2,6,1,0,1,1
1070,4,3,6,1,0,1,1
1071,4,3,4,1,0,1,1
1072,3,3,3,1,0,1,0
1073,2,1,4,1,0,1,0
1074,3,4,6,1,0,1,1
1075,4,3,11,1,0,1,1
1076,3,4,13,1,0,1,0
1077,4,1,11,1,0,1,1
1078,3,2,12,1,0,1,0
1079,4,5,7,1,0,1,1
1080,3,2,8,1,1,1,0
1081,4,2,8,1,0,1,1
1082,3,4,9,1,0,1,0
1083,4,3,5,1,0,1,1
1084,4,2,4,1,0,1,0
1085,4,4,5,1,0,1,0
1086,4,3,4,1,0,1,1
1087,4,3,5,1,0,1,0
1088,3,4,6,1,0,1,1
1089,4,4,5,1,0,1,1
1090,3,3,5,1,0,1,0
1091,3,3,3,1,0,1,0
1092,4,3,5,1,0,1,1
1093,2,2,6,1,0,1,1
1094,4,4,11,1,0,1,0
1095,4,5,9,1,0,1,0
1096,4,2,7,1,0,1,0
1097,4,4,6,1,0,1,1
1098,0,2,4,1,0,1,1
1099,4,2,7,1,0,1,0
1100,4,4,5,0,0,1,1
1101,4,4,6,1,0,1,0
1102,4,4,6,1,0,1,1
1103,4,4,6,1,0,1,0
1104,4,2,7,1,0,1,0
1105,4,4,5,0,0,1,1
1106,4,4,6,1,0,1,1
1107,4,4,11,1,0,0,0
1108,4,6,10,1,0,0,1
1109,4,4,5,1,0,1,0
1110,4,4,4,1,0,1,0
1111,4,2,3,1,0,1,1
1112,4,6,4,1,0,1,1
1113,4,4,6,1,1,1,0
1114,4,4,6,1,0,1,1
1115,4,2,6,1,0,1,0
1116,4,4,6,1,0,1,1
1117,4,4,11,1,0,1,0
1118,4,2,14,1,0,1,1
1119,4,4,6,1,0,1,1
1120,4,2,14,1,0,1,0
1121,4,2,6,1,0,1,1
1122,4,4,6,1,0,1,0
1123,2,3,3,1,0,1,0
1124,3,3,5,1,0,1,0
1125,4,4,5,1,0,1,1
1126,3,4,6,1,0,1,1
1127,2,2,6,1,0,1,1
1128,4,4,6,1,0,1,0
1129,4,3,5,1,0,1,1
1130,4,4,15,1,0,1,0
1131,2,3,9,1,0,1,1
1132,4,2,9,1,0,1,0
1133,3,3,11,1,0,1,0
1134,3,4,10,1,0,1,1
1135,4,2,6,1,0,1,1
1136,1,3,10,0,0,0,0
1137,4,4,2,1,0,0,0
1138,4,4,2,1,0,1,0
1139,4,3,7,0,0,0,1
1140,4,6,8,1,0,1,1
1141,4,4,2,1,0,0,0
1142,4,3,7,0,0,0,1
1143,4,6,8,1,0,0,1
1144,4,4,6,1,0,0,0
1145,4,5,26,0,0,0,0
1146,4,4,14,1,0,0,1
1147,4,3,7,0,0,1,0
1148,4,4,8,1,0,0,1
1149,4,6,18,1,0,1,0
1150,2,3,8,0,0,1,1
1151,4,4,6,1,0,0,1
1152,4,6,8,1,0,0,1
1153,4,4,10,1,0,0,0
1154,4,6,8,1,0,0,1
1155,4,4,6,1,0,1,0
1156,4,3,7,0,0,0,0
1157,4,4,2,1,0,0,0
1158,4,4,6,1,0,0,1
1159,3,5,13,1,0,1,0
1160,4,6,9,1,0,1,0
1161,4,1,5,1,0,1,1
1162,4,4,11,1,0,1,1
1163,3,5,13,1,0,1,1
1164,4,6,9,1,1,1,0
1165,3,3,7,1,1,1,0
1166,4,5,14,1,1,1,1
1167,3,2,1,1,0,1,0
1168,3,5,4,1,0,1,1
1169,3,6,16,1,0,1,0
1170,3,5,26,1,0,1,1
1171,3,3,4,1,0,1,1
1172,2,5,18,0,1,1,0
1173,3,5,5,0,0,1,1
1174,3,2,2,1,0,1,0
1175,4,4,7,0,0,1,1
1176,4,4,8,1,0,1,0
1177,3,2,8,1,0,1,0
1178,4,3,7,1,0,1,1
1179,4,5,9,1,0,1,0
1180,4,6,4,1,0,1,1
1181,4,3,2,1,0,1,0
1182,4,3,12,1,0,1,1
1183,3,3,7,1,0,1,1
1184,2,5,19,0,0,1,0
1185,3,2,1,1,0,1,0
1186,3,6,16,1,0,1,1
1187,4,3,7,0,1,1,0
1188,4,4,6,1,0,1,1
1189,4,2,6,1,0,0,1
1190,4,4,4,1,0,0,0
1191,3,3,11,1,0,1,1
1192,4,2,9,1,0,1,0
1193,4,4,9,1,0,1,1
1194,3,4,14,1,0,1,0
1195,3,4,7,1,0,1,0
1196,4,4,5,1,0,1,1
1197,3,3,6,1,0,1,1
1198,4,4,5,1,0,1,0
1199,2,3,3,1,0,1,1
1200,4,4,4,1,0,1,0
1201,3,3,4,1,0,1,0
1202,4,4,5,1,0,1,1
1203,4,5,7,1,0,1,1
1204,2,2,6,1,0,1,0
1205,3,3,7,1,0,1,0
1206,4,3,6,1,0,1,1
1207,4,3,8,1,0,1,1
1208,3,3,8,1,0,1,0
1209,4,4,7,1,0,1,0
1210,4,4,21,1,0,1,1
1211,2,3,19,1,0,1,0
1212,3,5,19,1,1,1,0
1213,4,4,19,1,1,1,1
1214,4,5,22,1,1,1,1
1215,4,4,5,1,0,1,1
1216,3,3,5,1,0,1,0
1217,4,3,5,1,0,1,0
1218,3,4,6,1,0,1,1
1219,3,2,7,1,0,1,1
1220,4,4,5,1,0,1,0
1221,4,4,7,1,0,1,0
1222,3,4,6,1,0,1,1
1223,4,4,7,1,0,1,0
1224,4,3,6,1,0,1,0
1225,4,4,8,1,0,1,1
1226,3,3,8,1,0,1,1
1227,4,3,7,1,0,1,0
1228,4,3,5,1,0,1,1
1229,2,2,6,1,0,1,0
1230,4,4,6,1,0,1,1
1231,4,5,7,1,0,1,0
1232,4,3,3,1,0,1,1
1233,4,2,2,1,0,1,0
1234,4,2,3,1,0,1,1
1235,4,2,7,1,0,0,1
1236,4,3,7,1,0,0,0
1237,4,4,3,1,0,0,0
1238,4,4,8,1,0,0,1
1239,4,4,6,1,0,1,0
1240,4,4,7,1,0,1,1
1241,4,4,21,1,0,1,0
1242,4,2,12,1,0,1,0
1243,2,3,5,1,0,1,1
1244,3,3,5,1,0,1,1
1245,3,3,5,1,0,1,0
1246,4,3,5,1,0,1,1
1247,4,5,9,1,0,1,1
1248,3,4,6,1,0,1,0
1249,4,6,18,1,0,1,0
1250,4,6,8,1,0,1,0
1251,4,6,8,1,0,0,0
1252,4,3,7,0,0,0,0
1253,4,5,8,0,0,0,1
1254,4,4,6,1,1,0,1
1255,4,5,26,0,0,0,1
1256,4,4,6,1,0,1,1
1257,4,4,6,1,0,1,0
1258,4,3,7,0,0,0,0
1259,4,6,8,1,0,0,0
1260,4,4,8,1,0,0,0
1261,4,4,20,0,0,0,1
1262,4,6,8,1,0,1,0
1263,4,4,2,1,1,1,1
1264,4,4,2,1,0,1,1
1265,4,4,2,1,0,1,1
1266,4,4,6,1,0,1,1
1267,4,3,7,0,0,1,1
1268,4,3,7,0,0,1,0
1269,4,6,8,1,0,1,0
1270,4,3,13,1,0,0,0
1271,4,4,2,1,0,0,1
1272,4,3,7,0,0,0,0
1273,4,7,5,1,0,0,0
1274,4,4,6,1,0,0,1
1275,4,4,2,1,0,0,1
1276,4,4,14,1,0,0,1
1277,4,6,7,0,0,1,0
1278,4,1,5,1,0,1,1
1279,4,5,9,1,1,1,0
1280,3,3,4,1,0,1,1
1281,3,5,13,1,0,1,0
1282,4,5,14,1,0,1,1
1283,3,3,7,1,0,1,1
1284,3,3,4,1,1,1,0
1285,4,6,7,0,0,1,0
1286,3,5,5,0,0,1,1
1287,2,5,19,0,0,1,0
1288,3,3,4,1,0,1,1
1289,2,5,19,0,0,1,0
1290,3,2,2,1,0,1,1
1291,4,1,5,1,0,1,1
1292,3,5,4,1,0,1,0
1293,4,5,14,1,0,1,1
1294,4,1,5,1,0,1,0
1295,3,5,13,1,0,1,0
1296,4,4,11,1,0,1,1
1297,3,2,2,1,0,1,0
1298,4,6,9,1,0,1,0
1299,3,2,1,1,0,1,1
1300,4,5,14,1,0,1,1
1301,2,4,16,1,1,1,0
1302,3,5,5,0,0,1,0
1303,2,5,19,0,0,1,1
1304,3,2,1,1,0,1,1
1305,2,4,16,1,0,1,1
1306,3,5,26,1,0,1,0
1307,3,2,2,1,0,1,0
1308,3,5,4,1,0,1,1
1309,4,4,6,1,1,1,0
1310,4,4,8,1,1,0,1
1311,4,2,6,0,1,0,1
1312,4,2,6,1,1,0,0
1313,3,2,7,1,0,1,0
1314,4,4,8,1,0,1,0
1315,2,1,5,1,0,1,1
1316,4,3,6,1,0,1,1
1317,4,3,4,1,0,1,0
1318,2,2,4,1,0,1,1
1319,4,4,4,1,0,1,0
1320,3,3,4,1,0,1,1
1321,4,3,7,1,0,1,0
1322,4,3,4,1,0,1,1
1323,4,1,12,1,0,1,0
1324,4,2,10,1,0,1,1
1325,3,3,13,1,0,1,1
1326,3,4,13,1,0,1,0
1327,4,3,12,1,0,1,0
1328,2,2,10,1,0,1,1
1329,2,3,11,0,0,1,0
1330,4,4,11,0,0,1,1
1331,3,4,7,1,1,1,0
1332,4,4,8,1,1,1,1
1333,4,4,6,1,1,1,0
1334,4,2,7,1,1,1,1
1335,4,5,13,1,0,1,0
1336,3,2,12,1,0,1,0
1337,2,2,11,1,0,1,1
1338,4,3,11,1,0,1,1
1339,4,3,5,1,0,1,0
1340,3,3,5,1,0,1,0
1341,4,4,5,1,0,1,1
1342,3,4,6,1,0,1,1
1343,2,3,3,1,0,1,0
1344,3,4,9,1,0,1,1
1345,4,3,7,1,0,1,1
1346,3,3,5,1,0,1,0
1347,4,3,11,1,0,1,0
1348,3,3,14,1,0,1,1
1349,4,4,10,1,0,1,1
1350,4,2,9,1,0,1,0
1351,4,2,6,1,0,1,0
1352,4,3,6,1,0,1,0
1353,4,4,6,0,0,1,1
1354,3,3,4,1,0,1,1
1355,4,4,11,1,0,1,0
1356,4,4,11,1,0,1,1
1357,4,2,6,1,0,1,1
1358,4,2,6,1,0,1,0
1359,4,2,6,1,0,1,0
1360,4,4,11,1,0,1,1
1361,4,4,11,1,0,1,0
1362,4,2,6,1,0,1,1
1363,4,2,14,1,0,1,0
1364,4,4,6,1,0,1,0
1365,4,2,6,1,0,1,1
1366,4,4,6,1,0,1,1
1367,4,4,6,1,0,1,0
1368,3,3,3,1,0,1,1
1369,4,4,5,1,0,1,0
1370,4,3,4,1,0,1,1
1371,4,1,12,1,1,1,0
1372,3,4,13,1,0,1,1
1373,3,2,12,1,0,1,0
1374,3,4,11,1,0,1,1
1375,4,4,6,1,0,1,1
1376,4,5,8,0,0,1,1
1377,4,4,14,1,0,1,1
1378,4,4,2,1,0,1,0
1379,4,3,13,1,0,0,0
1380,4,6,8,1,0,0,0
1381,4,4,8,1,0,1,0
1382,4,7,5,1,0,1,0
1383,4,4,14,1,0,1,0
1384,4,6,18,1,0,0,0
1385,4,4,2,1,0,0,1
1386,4,4,2,1,0,0,0
1387,4,4,6,1,0,0,1
1388,4,6,8,1,0,1,1
1389,4,5,8,0,0,1,1
1390,4,3,7,0,0,1,0
1391,4,3,7,0,0,1,0
1392,4,4,6,1,0,1,0
1393,4,3,7,0,0,1,1
1394,4,6,8,1,0,1,1
1395,4,4,6,1,0,1,1
1396,4,4,20,0,0,1,1
1397,4,4,20,0,0,0,1
1398,4,3,13,1,0,0,0
1399,4,4,2,1,0,0,0
1400,4,7,5,1,0,0,0
1401,4,5,26,0,0,0,1
1402,4,3,7,0,0,1,0
1403,4,4,8,1,0,0,0
1404,4,5,26,0,0,0,1
1405,4,6,8,1,0,0,1
1406,4,6,18,1,0,0,1
1407,4,1,5,1,1,1,1
1408,4,6,7,0,1,1,0
1409,3,3,4,1,1,1,0
1410,3,3,4,1,1,1,1
1411,2,4,16,1,1,1,0
1412,3,5,4,1,0,1,0
1413,3,3,4,1,0,1,1
1414,4,1,5,1,0,1,1
1415,4,3,8,1,0,1,0
1416,3,6,16,1,0,1,1
1417,3,2,2,1,0,1,1
1418,4,6,7,0,0,1,0
1419,3,5,26,1,0,1,0
1420,3,2,2,1,0,1,0
1421,3,5,13,1,0,1,1
1422,3,3,4,1,0,1,1
1423,3,2,2,0,0,1,1
1424,3,2,1,1,0,1,0
1425,4,3,5,1,0,1,0
1426,3,3,4,1,0,1,1
1427,3,5,13,1,0,1,0
1428,3,3,7,1,0,1,1
1429,4,5,14,1,0,1,0
1430,4,6,9,1,0,1,1
1431,4,4,11,1,1,1,0
1432,2,4,16,1,0,1,0
1433,4,1,5,1,0,1,1
1434,3,5,5,0,0,1,1
1435,3,2,2,0,1,1,0
1436,4,1,5,1,1,1,0
1437,3,5,4,1,0,1,1
1438,2,4,16,1,0,1,1
1439,3,3,4,1,0,1,0
1440,4,5,9,1,0,1,1
1441,4,1,5,1,0,1,0
1442,4,6,7,0,0,1,1
1443,4,5,9,1,1,1,0
1444,3,5,13,1,0,1,1
1445,3,5,4,1,1,1,0
1446,4,3,8,1,0,1,1
1447,4,3,20,0,1,1,0
1448,4,6,13,0,1,1,1
1449,4,4,6,1,0,1,1
1450,3,3,9,1,0,1,0
1451,3,4,6,1,0,1,0
1452,4,4,8,1,0,1,1
1453,4,1,4,1,0,1,1
1454,4,2,4,1,0,1,0
1455,3,4,4,1,0,1,0
1456,4,5,4,1,0,1,1
1457,4,4,7,1,0,1,0
1458,4,4,6,1,0,1,0
1459,4,4,5,1,0,1,1
1460,3,2,7,1,0,1,1
1461,4,4,6,1,0,1,0
1462,3,3,16,1,0,1,0
1463,4,4,8,1,0,1,1
1464,4,3,7,1,0,1,1
1465,3,3,5,1,0,1,0
1466,2,3,5,1,0,1,0
1467,4,4,6,1,0,1,1
1468,4,3,6,1,0,1,1
1469,3,3,16,1,0,1,0
1470,4,4,16,1,0,1,1
1471,4,3,14,1,0,1,1
1472,4,4,15,1,0,1,0
1473,4,4,7,1,0,1,0
1474,3,4,6,1,0,1,1
1475,4,4,7,1,0,1,0
1476,4,4,7,1,0,1,1
1477,2,3,4,1,0,1,0
1478,4,4,5,1,0,1,1
1479,3,4,6,1,0,1,1
1480,4,4,5,1,0,1,0
1481,4,4,7,1,0,1,0
1482,3,2,7,1,0,1,1
1483,4,4,9,0,0,1,0
1484,4,4,8,1,0,1,1
1485,3,4,9,1,0,1,0
1486,4,3,8,0,0,1,1
1487,4,4,8,1,0,1,0
1488,4,3,6,1,0,1,1
1489,4,2,7,1,0,1,1
1490,4,2,4,1,0,1,0
1491,4,2,4,1,0,0,0
1492,4,4,5,1,0,0,0
1493,4,4,7,1,0,0,1
1494,4,1,4,1,0,0,1
1495,4,4,10,1,1,1,0
1496,4,4,2,1,0,1,1
1497,4,5,11,1,0,1,1
1498,4,2,3,1,1,1,0
1499,4,4,5,1,0,1,1
1500,4,4,3,1,0,1,1
1501,4,6,4,1,0,1,0
1502,4,2,3,1,0,1,0
1503,4,2,14,1,0,1,0
1504,4,4,2,1,0,1,1
1505,4,4,9,1,0,1,1
1506,4,2,14,1,0,1,1
1507,4,4,12,1,0,1,0
1508,4,2,6,1,0,1,0
1509,3,2,4,1,0,1,0
1510,4,4,5,1,0,1,1
1511,4,4,6,1,0,1,1
1512,3,3,3,1,0,1,0
1513,3,3,3,1,0,1,1
1514,4,4,14,1,0,1,0
1515,2,1,11,1,0,1,1
1516,4,4,11,1,0,1,0
1517,4,3,7,0,0,1,1
1518,4,4,6,1,0,1,1
1519,4,4,2,1,0,1,1
1520,4,6,21,1,1,0,0
1521,4,4,2,1,0,0,0
1522,4,3,7,0,0,0,0
1523,4,4,6,1,0,0,0
1524,4,2,6,1,1,0,0
1525,4,4,2,1,0,1,0
1526,4,4,2,1,0,0,1
1527,4,4,14,1,0,0,0
1528,4,4,6,1,0,0,1
1529,4,3,2,1,1,1,1
1530,4,3,7,0,0,1,0
1531,4,5,26,0,0,1,1
1532,4,6,8,1,0,1,1
1533,4,4,7,1,1,1,1
1534,4,4,6,1,0,0,1
1535,4,6,8,1,0,0,1
1536,4,4,8,1,0,0,0
1537,4,6,8,1,0,0,0
1538,4,3,7,0,0,0,0
1539,4,4,2,1,0,0,0
1540,4,6,8,1,0,0,0
1541,4,4,6,1,0,1,0
1542,4,6,18,1,0,0,1
1543,4,3,7,0,0,0,1
1544,4,6,8,1,0,0,1
1545,3,5,13,1,0,1,0
1546,4,6,9,1,0,1,1
1547,4,6,7,0,0,1,1
1548,3,5,26,1,1,1,0
1549,3,6,16,1,0,1,1
1550,4,5,14,1,0,1,0
1551,3,5,13,1,0,1,0
1552,3,3,7,1,0,1,1
1553,3,3,4,1,0,1,0
1554,4,5,14,1,0,1,1
1555,3,5,13,1,0,1,1
1556,3,2,1,1,0,1,0
1557,3,5,5,0,0,1,1
1558,3,2,2,0,0,1,0
1559,4,4,13,1,1,1,1
1560,2,4,16,1,0,1,0
1561,3,5,4,1,0,1,0
1562,4,3,8,1,1,1,0
1563,3,3,4,1,0,1,1
1564,2,5,19,0,1,1,1
1565,3,3,7,1,0,1,1
1566,3,5,13,1,1,1,0
1567,4,4,13,1,1,1,0
1568,3,6,16,1,0,1,1
1569,3,2,1,1,0,1,1
1570,3,3,4,1,0,1,0
1571,3,5,26,1,0,1,1
1572,4,6,9,1,0,1,0
1573,3,3,4,0,0,1,0
1574,4,1,5,1,1,1,0
1575,4,6,7,0,0,1,1
1576,3,5,26,1,0,1,1
1577,4,6,7,0,1,1,0
1578,3,3,4,1,0,1,1
1579,4,3,8,1,0,1,1
1580,3,6,16,1,0,1,0
1581,4,4,10,1,1,0,0
1582,1,3,10,0,1,0,1
1583,2,3,8,0,1,0,0
1584,4,2,6,1,1,0,1
1585,4,3,4,1,0,1,0
1586,4,3,5,1,0,1,1
1587,3,3,5,1,0,1,0
1588,2,2,6,1,0,1,1
1589,3,3,3,1,0,1,0
1590,3,4,4,1,1,1,1
1591,4,3,3,1,0,1,0
1592,4,4,3,1,0,1,1
1593,4,4,8,1,0,1,0
1594,3,3,8,1,0,1,0
1595,3,3,9,1,0,1,1
1596,4,3,6,1,0,1,1
1597,4,3,20,1,0,1,0
1598,4,2,19,1,0,1,1
1599,4,3,20,1,0,1,0
1600,3,3,21,1,0,1,1
1601,4,3,5,1,0,1,1
1602,4,3,5,1,0,1,0
1603,3,4,4,1,0,1,0
1604,4,3,5,1,0,1,1
1605,3,4,6,1,0,1,0
1606,3,3,3,1,0,1,1
1607,3,4,4,1,0,1,1
1608,4,3,5,1,0,1,0
1609,3,3,8,1,0,1,0
1610,3,3,6,1,0,1,1
1611,2,1,9,1,0,1,1
1612,3,3,21,1,0,1,0
1613,3,4,6,1,0,1,0
1614,4,4,5,1,0,1,1
1615,4,4,7,1,0,1,0
1616,3,2,7,1,0,1,1
1617,4,5,13,1,0,1,1
1618,4,4,21,1,0,1,0
1619,4,2,19,1,0,1,0
1620,4,5,7,1,0,1,1
1621,4,3,5,1,0,1,0
1622,4,3,5,1,0,1,1
1623,3,4,9,1,0,1,0
1624,2,3,3,1,0,1,1
1625,4,2,23,1,0,1,0
1626,4,1,11,1,0,1,1
1627,4,4,9,1,0,1,1
1628,4,4,10,1,0,1,0
1629,4,4,6,1,0,1,0
1630,4,4,6,1,0,1,1
1631,4,2,7,1,0,1,0
1632,4,4,5,0,0,1,1
1633,4,2,6,1,0,1,0
1634,4,4,6,0,0,1,1
1635,3,3,4,1,0,1,0
1636,4,3,6,1,0,1,1
1637,4,4,3,1,0,0,0
1638,4,5,8,1,0,0,0
1639,4,5,12,1,0,0,1
1640,4,2,4,1,0,0,1
1641,4,2,6,1,0,0,0
1642,4,4,2,1,0,0,1
1643,4,2,4,1,0,1,1
1644,4,5,5,1,0,1,0
1645,4,4,4,1,0,1,0
1646,4,4,5,1,0,1,1
1647,2,3,3,1,0,1,1
1648,3,4,6,1,0,1,0
1649,3,3,5,1,0,1,0
1650,4,4,5,1,0,1,1
1651,3,3,9,1,0,1,0
1652,3,4,7,1,0,1,1
1653,3,3,8,1,0,1,0
1654,4,4,4,1,0,1,1
1655,4,4,2,1,0,1,0
1656,4,4,6,1,0,1,0
1657,4,4,2,1,0,0,0
1658,4,6,8,1,0,0,0
1659,4,3,7,0,0,1,1
1660,4,6,8,1,0,1,0
1661,4,5,8,1,0,0,0
1662,4,4,6,1,0,0,0
1663,4,4,6,1,0,0,0
1664,4,3,7,0,0,0,1
1665,4,4,2,1,0,0,1
1666,4,4,8,0,0,1,1
1667,4,6,8,1,0,1,1
1668,4,3,7,0,0,1,1
1669,4,4,2,1,0,1,1
1670,4,4,6,1,0,1,0
1671,4,2,10,1,0,1,0
1672,4,4,2,1,0,1,0
1673,4,3,7,0,0,0,1
1674,4,3,7,0,0,0,1
1675,4,6,8,1,0,0,1
1676,4,4,2,1,0,0,0
1677,4,4,6,1,0,1,0
1678,4,3,7,0,0,0,1
1679,4,4,6,1,0,1,0
1680,4,6,8,1,0,1,1
1681,4,6,8,0,0,0,1
1682,4,6,8,1,0,0,1
1683,3,5,5,0,0,1,0
1684,4,1,5,1,0,1,0
1685,2,5,19,0,0,1,1
1686,4,6,7,0,0,1,1
1687,4,4,11,1,1,1,0
1688,3,3,4,1,0,1,1
1689,3,6,16,1,0,1,0
1690,4,6,7,0,0,1,1
1691,3,5,26,1,0,1,0
1692,4,4,11,1,0,1,0
1693,3,5,4,1,0,1,1
1694,2,4,16,1,0,1,1
1695,3,3,4,1,1,1,0
1696,3,5,26,1,1,1,1
1697,3,5,13,1,1,1,0
1698,4,4,11,1,0,1,1
1699,3,5,13,1,0,1,1
1700,3,2,1,1,0,1,0
1701,3,6,16,1,0,1,0
1702,2,4,16,1,1,1,1
1703,4,4,11,1,0,1,1
1704,3,5,26,1,0,1,0
1705,3,3,7,1,0,1,0
1706,4,5,9,1,0,1,1
1707,3,5,4,1,0,1,0
1708,3,2,1,1,0,1,1
1709,2,4,16,1,0,1,0
1710,4,5,9,1,0,1,1
1711,3,5,5,0,0,1,1
1712,2,5,19,0,1,1,0
1713,3,3,7,1,1,1,0
1714,3,5,26,1,0,1,1
1715,4,6,9,1,0,1,0
1716,3,5,13,1,1,1,0
1717,3,5,13,1,0,1,1
1718,2,5,19,0,1,1,1
1719,4,4,7,1,0,0,0
1720,4,4,4,1,0,1,1
1721,4,2,6,0,0,1,0
1722,4,3,7,0,0,1,1
1723,4,3,3,1,0,1,0
1724,4,5,4,1,0,1,1
1725,4,3,4,1,0,1,0
1726,3,3,5,1,0,1,1
1727,4,3,5,0,0,1,0
1728,3,4,6,1,0,1,1
1729,0,2,4,1,0,1,1
1730,3,3,3,1,0,1,0
1731,2,1,3,1,0,1,0
1732,3,2,12,1,0,1,1
1733,2,2,6,1,0,1,0
1734,3,3,6,1,0,1,0
1735,3,4,6,1,0,1,1
1736,3,3,6,1,0,1,1
1737,4,4,11,1,0,1,1
1738,4,3,11,1,1,1,0
1739,4,1,11,1,0,1,0
1740,4,2,11,1,0,1,1
1741,4,2,5,1,1,0,0
1742,4,3,6,0,0,1,1
1743,3,3,7,1,0,1,1
1744,4,2,6,0,1,1,0
1745,4,2,5,0,0,0,0
1746,4,2,6,0,0,0,1
1747,0,2,5,1,0,1,0
1748,4,3,5,0,0,1,1
1749,2,1,10,1,0,1,0
1750,4,4,11,1,0,1,1
1751,3,3,11,1,0,1,0
1752,4,4,9,1,0,1,1
1753,4,5,7,1,0,1,0
1754,0,2,5,1,0,1,1
1755,4,4,21,1,0,1,1
1756,4,3,5,0,0,0,0
1757,4,3,5,0,0,1,1
1758,0,2,4,1,0,1,0
1759,4,4,13,1,0,1,0
1760,4,2,11,1,0,1,1
1761,4,4,11,1,0,1,0
1762,4,4,11,1,0,1,1
1763,4,4,5,1,0,1,0
1764,4,3,5,0,0,1,0
1765,4,3,5,1,0,1,1
1766,4,4,6,1,0,1,0
1767,4,3,5,1,0,1,1
1768,0,2,5,1,0,0,1
1769,3,4,9,1,0,1,1
1770,4,3,4,1,0,1,0
1771,4,5,5,1,0,1,1
1772,4,3,4,1,0,1,0
1773,4,3,5,0,0,0,0
1774,4,3,6,1,0,1,0
1775,3,3,8,1,0,1,1
1776,3,3,18,1,0,1,1
1777,4,3,5,0,0,1,1
1778,4,4,8,1,0,1,0
1779,0,2,4,1,0,1,1
1780,4,4,14,1,0,1,1
1781,4,4,11,1,0,1,0
1782,4,3,5,0,0,1,0
1783,2,3,12,1,0,1,0
1784,4,4,13,1,0,1,1
1785,4,3,7,1,0,1,1
1786,3,3,8,1,0,1,0
1787,4,4,6,1,0,1,0
1788,2,3,7,1,0,1,1
1789,4,2,3,1,0,1,0
1790,4,6,4,1,0,1,0
1791,4,4,4,1,0,1,1
1792,4,4,5,1,0,1,1
1793,4,4,5,1,0,0,0
1794,4,2,6,1,0,0,1
1795,4,2,6,0,0,1,0
1796,4,2,4,1,0,1,0
1797,2,3,4,0,0,0,0
1798,4,5,4,1,0,1,1
1799,4,2,5,0,0,1,1
1800,4,2,5,0,0,0,1
1801,4,3,4,0,0,1,0
1802,0,2,4,1,0,1,1
1803,4,2,5,0,0,1,0
1804,4,3,5,0,0,1,1
1805,4,5,44,1,0,1,1
1806,4,6,7,1,0,1,0
1807,4,3,2,1,0,1,0
1808,2,2,6,0,0,1,1
1809,4,5,6,1,0,1,0
1810,4,3,2,1,0,1,0
1811,4,2,5,0,0,1,1
1812,4,4,6,1,0,1,0
1813,4,2,6,1,0,1,1
1814,4,4,6,1,0,1,1
1815,4,5,5,1,1,1,0
1816,4,2,7,1,1,1,1
1817,0,2,4,1,0,1,1
1818,4,3,4,0,0,0,0
1819,4,4,7,1,0,1,1
1820,4,4,7,1,0,1,0
1821,4,3,5,0,0,1,1
1822,0,2,5,1,0,0,0
1823,4,3,2,1,0,1,1
1824,4,3,1,1,0,0,0
1825,2,3,4,0,0,0,0
1826,1,3,4,1,0,1,1
1827,3,4,8,1,0,1,0
1828,4,3,3,1,0,1,1
1829,3,3,4,1,0,1,0
1830,3,3,2,1,0,1,1
1831,3,3,5,1,0,1,0
1832,4,2,6,0,0,1,0
1833,3,4,8,1,0,1,0
1834,4,3,4,1,0,1,1
1835,4,3,4,0,0,1,1
1836,2,3,5,1,0,1,1
1837,4,2,5,1,0,0,0
1838,3,3,5,1,0,1,0
1839,3,4,6,1,0,1,1
1840,2,3,3,1,0,1,0
1841,4,3,6,0,0,1,1
1842,3,3,16,1,0,1,1
1843,3,2,8,1,0,1,0
1844,4,2,6,0,0,1,0
1845,4,3,5,1,0,1,1
1846,4,3,7,1,1,1,0
1847,4,3,2,1,0,1,1
1848,4,4,6,1,0,1,1
1849,3,4,6,1,0,1,0
1850,2,2,5,1,0,1,1
1851,3,3,3,1,0,1,1
1852,2,3,5,0,0,0,1
1853,2,2,4,0,0,0,0
1854,3,3,3,1,0,1,0
1855,3,4,6,1,0,1,0
1856,4,3,4,0,0,1,0
1857,4,3,5,0,0,1,1
1858,3,3,5,1,0,1,1
1859,4,5,7,1,0,1,0
1860,4,4,11,1,0,1,1
1861,3,3,5,1,0,1,0
1862,3,3,4,1,0,1,1
1863,2,2,6,1,0,1,1
1864,4,3,5,0,0,0,1
1865,3,4,6,1,0,1,0
1866,2,3,4,0,0,0,0
1867,0,2,4,1,0,1,1
1868,4,3,4,0,0,0,0
1869,3,4,2,1,0,1,0
1870,4,4,4,1,0,1,1
1871,4,4,11,1,0,1,0
1872,4,5,7,1,0,1,1
1873,3,4,6,1,0,1,0
1874,4,3,4,0,0,1,0
1875,3,3,5,1,0,1,0
1876,2,3,3,1,0,1,1
1877,3,3,5,1,0,1,1
1878,3,3,6,1,0,0,1
1879,3,3,5,1,0,1,1
1880,4,4,20,1,0,1,1
1881,3,3,17,1,0,1,0
1882,4,3,5,1,0,1,0
1883,4,2,4,1,0,1,1
1884,4,5,15,1,0,1,1
1885,4,5,10,1,0,0,0
1886,4,3,4,1,0,1,0
1887,3,4,6,1,0,1,0
1888,3,2,3,0,1,0,0
1889,3,4,4,1,0,0,1
1890,3,2,6,0,0,1,1
1891,4,3,7,1,1,1,1
1892,4,4,6,1,0,1,1
1893,3,2,12,1,1,1,0
1894,4,1,5,1,0,1,0
1895,4,6,8,1,0,1,1
1896,4,3,13,1,0,0,0
1897,4,4,10,1,0,0,0
1898,4,4,20,0,0,1,0
1899,4,4,2,1,0,0,1
1900,4,4,2,1,0,1,1
1901,4,4,2,1,0,1,0
1902,4,3,7,0,0,0,0
1903,4,3,7,0,0,0,0
1904,4,4,6,1,0,0,1
1905,4,5,8,0,0,0,1
1906,4,4,6,1,0,1,0
1907,4,4,6,1,0,1,1
1908,4,2,6,1,0,1,1
1909,4,7,5,1,0,1,1
1910,4,3,7,0,0,1,1
1911,4,4,2,1,0,0,1
1912,1,3,10,0,1,0,0
1913,4,6,8,1,0,0,0
1914,4,6,8,1,0,0,0
1915,4,6,8,1,0,0,0
1916,2,3,8,0,1,0,1
1917,4,4,6,1,0,0,0
1918,4,3,7,0,0,0,1
1919,4,3,7,1,0,1,0
1920,4,3,4,1,0,1,1
1921,3,2,8,1,0,1,0
1922,3,3,5,1,0,1,1
1923,3,3,4,1,0,1,0
1924,2,2,4,1,0,1,1
1925,3,4,6,1,0,1,0
1926,3,3,4,1,0,1,1
1927,4,3,6,1,0,1,1
1928,3,3,9,1,0,1,0
1929,4,4,8,1,0,1,1
1930,3,3,8,1,0,1,0
1931,3,3,13,1,0,1,0
1932,4,4,11,1,0,1,0
1933,3,2,12,1,0,1,1
1934,2,1,13,1,0,1,1
1935,4,3,7,1,1,1,1
1936,4,4,5,1,1,1,0
1937,3,3,7,1,0,1,0
1938,4,4,6,0,1,1,1
1939,3,3,5,1,0,1,0
1940,4,3,6,1,0,1,1
1941,4,1,21,1,0,1,0
1942,4,2,15,1,0,1,1
1943,4,3,13,1,0,1,0
1944,3,3,22,1,0,1,1
1945,4,4,21,1,0,1,0
1946,4,5,7,1,0,1,1
1947,4,5,13,1,0,1,0
1948,4,2,19,1,0,1,1
1949,3,3,8,1,0,1,0
1950,4,3,6,1,0,1,1
1951,3,3,9,1,1,1,0
1952,4,4,8,1,1,1,1
1953,4,2,9,1,0,1,0
1954,3,3,10,1,0,1,1
1955,2,2,13,1,0,1,1
1956,3,4,15,1,0,1,0
1957,4,3,8,1,0,1,0
1958,3,4,9,1,0,1,0
1959,4,3,10,1,0,1,1
1960,2,3,7,1,0,1,1
1961,4,3,3,1,1,1,1
1962,4,5,7,1,0,1,0
1963,4,2,3,1,0,1,0
1964,4,2,2,1,0,1,1
1965,4,3,4,1,0,1,0
1966,4,2,5,1,0,1,1
1967,3,3,6,1,0,1,1
1968,3,3,5,1,0,1,0
1969,4,4,5,1,0,0,1
1970,4,2,6,1,1,0,1
1971,4,5,11,1,0,0,0
1972,4,4,3,1,0,0,0
1973,4,4,6,1,0,1,0
1974,4,2,6,1,0,1,1
1975,4,2,14,1,0,1,0
1976,4,4,6,1,0,1,1
1977,4,3,4,1,0,1,0
1978,4,4,6,1,1,1,1
1979,4,4,5,1,0,1,0
1980,3,3,3,1,0,1,1
1981,4,3,9,1,0,1,1
1982,4,3,5,1,0,1,0
1983,3,2,8,1,0,1,1
1984,4,2,15,1,0,1,0
1985,4,4,2,1,0,1,1
1986,4,4,2,1,1,0,0
1987,4,6,8,1,0,0,0
1988,4,4,20,0,0,0,0
1989,4,5,8,0,0,0,0
1990,4,4,6,1,0,1,0
1991,4,4,6,1,0,1,1
1992,4,3,7,0,0,0,0
1993,4,6,8,1,0,0,1
1994,4,6,8,1,0,0,0
1995,4,3,7,0,0,0,1
1996,4,4,6,1,0,1,1
1997,4,7,5,1,0,1,1
1998,4,3,13,1,0,1,1
1999,4,3,7,0,0,0,0
2000,4,4,6,1,0,1,0
2001,4,4,2,1,0,1,1
2002,4,6,8,1,0,0,0
2003,4,3,7,0,0,0,1
2004,4,4,2,1,0,0,1
2005,3,5,13,1,0,1,0
2006,4,5,14,1,0,1,1
2007,4,4,13,1,0,1,0
2008,3,3,7,1,0,1,1
2009,3,5,13,1,1,1,0
2010,4,4,13,1,1,1,1
2011,3,5,13,1,1,1,1
2012,4,6,9,1,0,1,0
2013,3,5,4,1,0,1,1
2014,3,6,16,1,1,1,0
2015,4,3,8,1,0,1,1
2016,3,3,4,1,0,1,0
2017,4,4,4,1,0,1,0
2018,4,4,6,1,0,0,1
2019,4,3,7,0,0,1,0
2020,4,2,6,1,0,1,1
2021,4,3,7,1,0,1,0
2022,4,4,4,1,0,1,1
2023,3,4,6,1,0,1,0
2024,3,2,10,1,0,1,1
2025,4,4,15,1,0,1,1
2026,3,3,16,1,0,1,0
2027,4,4,16,1,1,1,0
2028,4,3,15,1,0,1,1
2029,3,3,8,1,0,1,1
2030,4,4,8,1,0,1,0
2031,4,3,3,1,0,1,0
2032,3,3,21,1,0,1,1
2033,4,3,7,1,0,1,1
2034,4,3,7,1,0,1,1
2035,3,4,9,1,0,1,0
2036,3,3,8,1,0,1,0
2037,4,1,11,1,0,1,0
2038,3,4,17,1,0,1,1
2039,3,3,10,1,0,1,0
2040,4,2,13,1,0,1,1
2041,4,5,11,1,0,1,0
2042,4,4,2,1,0,1,0
2043,4,2,3,1,0,1,1
2044,4,4,10,1,0,1,1
2045,4,4,6,1,0,1,0
2046,4,2,14,1,0,1,1
2047,4,2,6,1,0,1,0
2048,4,4,11,1,0,1,1
2049,4,5,5,1,0,1,0
2050,4,4,5,1,0,1,1
2051,4,4,4,1,0,1,0
2052,4,2,4,1,0,1,1
2053,4,3,4,1,0,1,0
2054,4,4,4,1,0,1,1
2055,3,4,3,1,0,1,0
2056,3,3,3,1,0,1,1
2057,4,5,7,1,0,1,0
2058,4,4,9,1,0,1,1
2059,4,4,15,1,0,1,1
2060,3,4,6,1,0,1,0
2061,4,4,2,1,0,1,1
2062,4,5,26,0,0,0,0
2063,4,4,8,0,0,0,0
2064,4,3,7,0,0,0,1
2065,4,4,6,1,0,0,0
2066,4,6,8,1,0,0,0
2067,4,6,8,0,0,0,0
2068,4,4,8,1,0,0,1
2069,4,2,10,1,0,1,0
2070,4,4,2,1,0,1,1
2071,4,3,7,0,0,1,0
2072,4,4,8,0,0,1,0
2073,4,4,6,1,0,1,1
2074,4,4,2,1,0,1,0
2075,4,4,6,1,0,0,1
2076,4,5,8,1,0,0,1
2077,4,6,8,0,0,0,1
2078,4,3,7,0,0,0,0
2079,4,6,18,1,0,0,0
2080,4,6,8,1,0,0,0
2081,4,2,10,1,0,1,1
2082,4,5,8,1,0,0,1
2083,4,4,14,1,0,0,1
2084,4,6,8,1,0,0,1
2085,4,1,5,1,0,1,0
2086,4,4,11,1,0,1,0
2087,3,5,13,1,0,1,1
2088,4,4,13,1,0,1,1
2089,3,5,13,1,0,1,0
2090,4,1,5,1,0,1,0
2091,3,3,4,1,0,1,1
2092,4,4,11,1,0,1,1
2093,3,2,1,1,1,1,0
2094,3,6,16,1,1,1,1
2095,3,5,26,1,0,1,0
2096,3,2,2,0,0,1,1
2097,3,5,5,0,1,1,0
2098,3,3,4,1,1,1,0
2099,3,3,4,1,1,1,1
2100,4,1,5,1,1,1,1
2101,4,4,11,1,0,1,1
2102,3,3,4,1,0,1,0
2103,2,4,16,1,0,1,1
2104,3,6,16,1,0,1,0
2105,4,6,7,0,0,1,1
2106,2,5,19,0,0,1,0
2107,3,5,4,1,1,1,0
2108,3,6,16,1,0,1,1
2109,4,6,20,0,1,1,0
2110,4,5,26,0,0,1,1
2111,4,5,10,1,1,1,0
2112,4,5,14,1,0,0,1
2113,4,4,8,1,0,1,0
2114,3,3,9,1,0,1,1
2115,4,3,6,1,0,1,0
2116,3,3,8,1,0,1,1
2117,4,3,6,1,0,1,1
2118,4,4,8,1,0,1,0
2119,3,3,8,1,0,1,0
2120,3,3,9,1,0,1,1
2121,4,3,7,1,0,1,1
2122,4,3,7,1,0,1,0
2123,3,3,6,1,0,1,0
2124,4,4,6,1,0,1,1
2125,3,3,13,1,0,1,1
2126,4,2,11,1,0,1,0
2127,4,1,11,1,0,1,0
2128,2,2,10,0,0,1,1
2129,4,5,5,1,0,1,1
2130,3,4,9,1,0,1,0
2131,4,3,4,1,0,1,0
2132,4,3,4,1,0,1,1
2133,4,2,3,1,0,1,0
2134,4,6,4,1,0,1,0
2135,4,4,5,1,0,1,1
2136,4,4,2,1,0,1,1
2137,4,4,7,1,0,1,1
2138,4,6,4,1,0,1,0
2139,4,2,3,1,0,1,0
2140,4,4,2,1,0,1,1
2141,4,4,6,1,0,1,0
2142,4,2,6,1,0,1,0
2143,4,2,14,1,0,1,1
2144,4,4,6,1,0,1,1
2145,4,2,14,1,0,1,0
2146,4,4,6,1,0,1,0
2147,4,2,6,1,0,1,1
2148,4,4,6,1,0,1,1
2149,3,3,5,1,0,1,0
2150,2,3,3,1,0,1,0
2151,4,4,5,1,0,1,1
2152,3,4,6,1,0,1,1
2153,4,3,7,0,0,0,0
2154,4,4,14,1,0,0,0
2155,4,3,7,0,0,0,0
2156,4,4,14,1,0,1,0
2157,4,4,8,1,0,1,1
2158,4,4,8,1,0,1,0
2159,4,5,26,0,0,0,0
2160,4,4,2,1,0,0,0
2161,4,6,8,1,0,0,0
2162,4,4,2,1,0,0,1
2163,4,5,26,0,0,0,1
2164,4,2,10,1,0,0,1
2165,4,4,8,0,1,0,1
2166,4,4,6,1,0,0,1
2167,4,4,2,1,0,1,1
2168,4,4,14,1,0,1,0
2169,4,3,7,0,0,1,1
2170,4,4,2,1,0,1,1
2171,4,6,18,1,0,1,1
2172,4,6,18,1,0,1,1
2173,4,3,7,0,0,1,1
2174,4,6,18,1,0,1,1
2175,4,6,8,1,0,1,1
2176,4,4,6,1,0,1,0
2177,4,4,6,1,0,1,0
2178,4,6,8,0,0,1,0
2179,4,4,6,1,0,0,0
2180,4,4,8,1,0,0,0
2181,4,3,7,0,0,0,0
2182,4,5,8,1,0,0,0
2183,4,4,2,1,0,0,0
2184,4,5,26,0,0,0,1
2185,4,4,6,1,0,0,1
2186,4,6,8,1,0,1,1
2187,4,4,6,1,0,1,1
2188,4,4,2,1,0,1,1
2189,4,6,8,1,0,0,0
2190,4,6,8,1,0,0,0
2191,4,6,8,1,0,0,0
2192,4,3,7,0,0,0,1
2193,4,4,11,1,0,1,1
2194,4,3,8,1,1,1,0
2195,4,6,7,1,1,1,0
2196,4,1,5,1,0,1,1
2197,3,2,1,1,0,1,0
2198,3,3,4,1,0,1,1
2199,2,5,19,0,0,1,0
2200,3,5,13,1,0,1,1
2201,3,2,2,1,0,1,0
2202,3,5,26,1,1,1,1
2203,3,5,4,1,0,1,1
2204,2,4,16,1,1,1,0
2205,3,6,16,1,1,1,0
2206,4,6,7,1,0,1,1
2207,4,1,5,1,0,1,1
2208,4,4,11,1,1,1,0
2209,2,4,16,1,0,1,0
2210,3,2,2,1,0,1,1
2211,2,5,19,0,1,1,1
2212,3,5,5,0,0,1,0
2213,3,3,4,1,0,1,0
2214,3,5,26,1,0,1,0
2215,2,5,19,0,0,1,1
2216,3,5,13,1,0,1,1
2217,2,4,16,1,0,1,0
2218,3,3,4,1,0,1,0
2219,4,6,9,1,0,1,1
2220,3,2,1,1,0,1,1
2221,4,5,14,1,0,1,1
2222,3,5,26,1,1,1,0
2223,3,2,1,1,1,1,1
2224,4,4,11,1,0,1,0
2225,3,3,4,1,0,1,1
2226,4,4,11,1,0,1,0
2227,3,5,13,1,0,1,1
2228,4,4,5,1,1,1,0
2229,4,4,13,1,1,1,0
2230,3,5,13,1,0,1,1
2231,4,6,9,1,0,1,1
2232,3,3,7,1,0,1,0
2233,4,6,20,0,0,1,0
2234,4,5,14,1,1,0,0
2235,4,5,10,1,0,0,1
2236,4,5,26,0,0,1,1
2237,3,2,7,1,0,1,0
2238,4,4,5,1,0,1,0
2239,3,4,6,1,0,1,1
2240,4,4,7,1,0,1,1
2241,2,3,5,1,0,1,1
2242,4,3,7,1,0,1,0
2243,3,4,9,1,0,1,0
2244,3,3,6,1,0,1,1
2245,4,4,4,1,0,1,1
2246,3,4,7,1,0,1,0
2247,4,4,6,1,0,1,1
2248,3,4,6,1,0,1,0
2249,4,2,6,1,0,0,0
2250,4,5,11,1,0,0,0
2251,4,4,5,1,0,0,1
2252,4,6,10,1,0,0,1
2253,4,5,11,1,0,1,0
2254,3,4,3,1,0,1,0
2255,4,4,10,1,0,1,1
2256,4,4,2,1,1,1,1
2257,4,6,4,1,0,1,1
2258,4,4,7,1,0,1,0
2259,4,2,3,1,0,1,1
2260,4,4,2,1,0,1,0
2261,4,4,6,1,0,1,1
2262,4,2,6,1,0,1,0
2263,4,4,6,1,0,1,0
2264,4,2,14,1,0,1,1
2265,4,2,6,1,0,1,0
2266,4,2,14,1,0,1,1
2267,4,4,6,1,0,1,1
2268,4,4,6,1,0,1,0
2269,4,6,8,1,0,1,1
2270,4,6,8,1,0,1,0
2271,4,3,7,0,0,0,0
2272,4,4,2,1,0,0,0
2273,4,3,7,0,0,1,0
2274,4,4,2,1,0,1,0
2275,4,6,18,1,0,0,1
2276,4,4,6,1,0,1,1
2277,4,4,6,1,0,1,0
2278,4,3,7,0,0,0,0
2279,4,6,8,1,0,0,0
2280,4,5,26,0,0,0,0
2281,4,3,7,0,0,0,1
2282,4,3,7,0,0,0,0
2283,4,4,6,1,0,0,1
2284,4,4,6,1,0,1,1
2285,4,2,10,1,0,1,1
2286,4,5,8,1,0,1,0
2287,4,4,8,0,0,1,0
2288,4,4,8,0,0,1,1
2289,4,4,6,1,0,1,1
2290,4,4,2,1,0,1,1
2291,4,4,8,1,0,1,1
2292,4,5,8,1,0,1,1
2293,4,6,8,1,0,1,0
2294,4,4,14,1,0,0,0
2295,4,6,8,0,0,1,0
2296,4,2,10,1,0,0,0
2297,4,6,8,0,0,0,1
2298,4,6,8,1,0,1,1
2299,4,4,2,1,0,1,1
2300,4,4,2,1,0,0,1
2301,3,3,7,1,0,1,1
2302,3,2,2,0,1,1,0
2303,4,5,14,1,1,1,0
2304,4,4,13,1,1,1,1
2305,3,5,5,0,0,1,1
2306,4,4,13,1,0,1,0
2307,4,6,9,1,0,1,1
2308,3,5,13,1,0,1,0
2309,3,3,7,1,0,1,0
2310,3,6,16,1,0,1,0
2311,4,5,14,1,0,1,1
2312,3,5,4,1,0,1,1
2313,3,5,13,1,0,1,1
2314,4,4,13,1,0,1,0
2315,3,5,5,0,0,1,0
2316,2,5,19,0,0,1,1
2317,3,5,13,1,1,1,0
2318,3,3,7,1,1,1,1
2319,4,5,14,1,1,1,0
2320,4,6,9,1,1,1,1
2321,4,4,11,1,0,1,1
2322,3,5,13,1,0,1,0
2323,3,3,4,1,0,1,1
2324,4,1,5,1,0,1,0
2325,2,3,8,0,1,1,0
2326,4,4,10,1,1,0,0
2327,4,2,6,1,1,0,1
2328,1,3,10,0,0,1,1
2329,4,4,9,1,0,1,1
2330,2,1,5,1,0,1,0
2331,3,3,8,1,0,1,1
2332,3,3,9,1,0,1,0
2333,4,5,5,1,0,1,0
2334,4,3,4,1,0,1,1
2335,3,4,9,1,0,1,0
2336,4,3,4,1,0,1,1
2337,4,2,14,1,0,1,1
2338,4,2,6,1,0,1,0
2339,4,4,6,1,0,1,1
2340,4,4,6,1,0,1,0
2341,4,4,8,1,0,1,0
2342,4,4,2,1,0,1,0
2343,4,4,2,1,0,1,0
2344,4,4,6,1,0,0,0
2345,4,4,6,1,0,0,0
2346,4,6,18,1,0,1,0
2347,4,6,8,0,0,0,0
2348,4,4,14,1,0,0,1
2349,4,5,26,0,0,0,1
2350,4,4,2,1,0,0,1
2351,4,6,8,1,0,1,0
2352,4,6,8,1,0,0,1
2353,4,6,8,1,0,0,1
2354,4,5,8,1,0,1,1
2355,4,3,7,0,0,1,1
2356,4,5,26,0,0,1,1
2357,4,3,7,0,0,1,1
2358,4,2,10,1,0,1,1
2359,4,4,8,0,0,1,0
2360,4,4,6,1,0,1,0
2361,4,4,6,1,0,0,1
2362,4,3,7,0,0,0,1
2363,4,4,14,1,0,1,0
2364,4,4,2,1,0,1,0
2365,4,4,8,1,0,0,0
2366,4,6,8,1,0,0,1
2367,4,6,18,1,0,1,1
2368,4,3,7,0,0,0,0
2369,3,3,4,1,0,1,1
2370,3,2,1,1,0,1,0
2371,4,6,9,1,0,1,0
2372,2,4,16,1,0,1,1
2373,4,4,11,1,0,1,1
2374,4,1,5,1,0,1,0
2375,4,6,7,0,0,1,0
2376,4,4,13,1,1,1,1
2377,4,5,14,1,0,1,0
2378,3,3,7,1,0,1,0
2379,3,5,13,1,1,1,1
2380,4,4,13,1,1,1,1
2381,3,5,5,0,1,1,0
2382,4,5,14,1,1,1,1
2383,3,2,2,0,1,1,1
2384,3,3,4,1,1,1,0
2385,3,5,13,1,0,1,1
2386,4,5,9,1,0,1,1
2387,4,3,8,1,0,1,0
2388,4,4,11,1,0,1,0
2389,4,5,9,1,0,1,0
2390,4,3,8,1,0,1,1
2391,3,5,13,1,0,1,0
2392,4,4,11,1,0,1,1
2393,4,1,5,1,1,1,0
2394,3,5,13,1,0,1,1
2395,4,3,8,1,0,1,1
2396,4,4,11,1,1,1,0
2397,4,6,7,1,0,1,0
2398,3,2,2,1,0,1,1
2399,3,3,4,1,0,1,0
2400,3,6,16,1,0,1,1
2401,3,5,5,0,0,1,1
2402,3,5,26,1,0,1,1
2403,2,5,19,0,0,1,0
2404,3,5,4,1,0,1,0
2405,4,3,7,0,0,0,1
2406,4,4,4,1,0,0,0
2407,4,2,6,1,0,0,1
2408,4,4,6,1,0,1,0
2409,3,3,7,1,0,1,1
2410,4,4,8,1,0,1,0
2411,4,2,9,1,0,1,1
2412,3,4,9,1,0,1,0
2413,3,3,9,1,0,1,1
2414,4,5,5,1,0,1,0
2415,2,3,4,1,0,1,1
2416,3,3,4,1,0,1,0
2417,4,4,5,1,0,0,1
2418,4,2,6,1,0,0,0
2419,4,2,3,1,0,1,0
2420,4,4,4,1,0,1,1
2421,4,4,5,1,0,1,1
2422,4,6,4,1,0,1,0
2423,4,6,5,1,0,1,0
2424,4,2,6,0,0,1,0
2425,4,4,6,1,0,1,1
2426,4,4,7,1,0,1,1
2427,4,4,4,1,0,1,0
2428,4,5,5,1,0,1,1
2429,4,4,5,1,0,1,0
2430,4,2,4,1,0,1,1
2431,4,4,2,1,0,1,1
2432,4,4,2,1,0,1,0
2433,4,6,8,1,0,1,0
2434,4,3,7,0,0,0,0
2435,4,4,6,1,0,0,0
2436,4,3,7,0,0,0,0
2437,4,5,26,0,0,0,0
2438,4,4,2,1,0,0,0
2439,4,5,8,1,0,1,1
2440,4,4,8,1,0,1,1
2441,4,4,8,0,0,0,0
2442,4,6,18,1,0,0,0
2443,4,3,7,0,0,0,1
2444,4,4,14,1,0,0,1
2445,4,4,14,1,0,0,0
2446,4,4,8,1,0,0,1
2447,4,4,2,1,0,1,0
2448,4,3,7,0,0,0,1
2449,4,6,18,1,0,1,1
2450,4,6,8,1,0,1,1
2451,4,4,6,1,0,1,0
2452,4,2,10,1,0,1,1
2453,4,3,7,0,0,1,1
2454,4,6,8,1,0,1,1
2455,4,6,8,1,0,0,1
2456,4,6,8,1,0,0,1
2457,4,4,2,1,0,0,0
2458,4,5,26,0,0,0,0
2459,4,6,8,0,0,1,0
2460,4,4,6,1,0,0,0
2461,4,4,6,1,0,0,1
2462,4,4,6,1,0,0,1
2463,3,2,1,1,0,1,1
2464,2,4,16,1,0,1,1
2465,3,5,26,1,0,1,0
2466,3,2,2,1,0,1,0
2467,3,5,4,1,0,1,1
2468,4,3,8,1,1,1,0
2469,3,3,4,1,1,1,0
2470,4,5,9,1,1,1,1
2471,3,3,4,1,0,1,0
2472,4,1,5,1,0,1,1
2473,4,6,7,1,0,1,1
2474,3,2,2,1,0,1,0
2475,3,3,4,1,0,1,1
2476,4,6,7,0,1,1,0
2477,4,1,5,1,1,1,0
2478,3,3,4,1,0,1,1
2479,4,4,11,1,0,1,0
2480,3,5,13,1,0,1,1
2481,4,5,14,1,0,1,0
2482,4,4,13,1,0,1,1
2483,3,5,4,1,0,1,0
2484,2,5,19,0,0,1,0
2485,3,3,7,1,0,1,1
2486,3,6,16,1,0,1,1
2487,3,5,13,1,0,1,0
2488,4,4,13,1,0,1,0
2489,4,5,14,1,0,1,1
2490,3,3,7,1,0,1,1
2491,4,2,6,1,1,1,0
2492,4,3,7,0,1,1,1
2493,4,2,6,0,0,0,0
2494,4,4,4,1,0,0,1
2495,3,3,5,1,0,1,1
2496,4,2,9,1,0,1,0
2497,4,3,4,1,0,1,1
2498,3,3,2,1,0,1,0
2499,4,4,5,1,0,0,0
2500,0,2,6,1,0,0,0
2501,2,5,3,1,0,0,1
2502,4,5,3,1,0,0,1
2503,4,2,6,1,0,1,0
2504,4,6,4,1,0,1,0
2505,4,4,7,1,0,1,1
2506,4,4,6,1,0,1,1
2507,4,4,4,1,0,1,0
2508,4,2,4,1,0,1,1
2509,4,4,5,1,0,1,0
2510,4,5,5,1,0,1,1
2511,4,3,7,0,0,1,1
2512,4,2,10,1,0,1,1
2513,4,4,6,1,0,1,0
2514,4,6,8,1,0,1,0
2515,4,5,8,1,0,0,0
2516,4,3,7,0,1,0,0
2517,4,4,6,1,0,0,0
2518,4,6,8,1,0,0,0
2519,4,4,2,1,0,1,0
2520,4,6,8,1,1,0,0
2521,4,4,6,1,0,1,0
2522,4,6,8,0,0,1,0
2523,4,4,6,1,0,0,1
2524,4,4,2,1,0,1,1
2525,4,6,8,1,0,1,1
2526,4,4,8,0,0,1,1
2527,4,6,8,1,0,1,1
2528,4,4,2,1,0,1,1
2529,4,4,2,1,0,0,0
2530,4,3,7,0,0,0,0
2531,4,4,6,1,1,1,1
2532,4,3,7,0,0,1,1
2533,4,4,2,1,0,0,1
2534,4,3,7,0,0,0,1
2535,2,4,16,1,0,1,0
2536,2,5,19,0,0,1,1
2537,3,5,4,1,0,1,0
2538,3,3,4,1,0,1,1
2539,3,2,1,1,0,1,1
2540,3,2,2,1,1,1,0
2541,3,6,16,1,1,1,0
2542,3,5,26,1,1,1,1
2543,3,5,26,1,0,1,0
2544,3,5,5,0,0,1,0
2545,4,6,7,1,0,1,1
2546,3,3,4,1,0,1,1
2547,3,3,4,1,0,1,0
2548,3,2,2,0,0,1,1
2549,3,2,1,1,0,1,0
2550,4,5,14,1,1,1,1
2551,4,3,7,0,0,1,0
2552,4,2,6,0,0,1,1
2553,4,2,6,1,0,0,0
2554,4,4,4,1,0,1,1
2555,4,4,19,1,0,1,0
2556,4,2,2,1,0,1,1
2557,4,5,13,1,1,1,0
2558,4,3,7,1,0,1,1
2559,4,4,20,1,0,0,0
2560,3,5,15,1,0,0,1
2561,4,4,7,1,0,1,1
2562,4,4,6,1,0,1,0
2563,4,2,5,1,1,1,1
2564,4,6,4,1,0,1,0
2565,4,4,6,1,0,1,1
2566,4,2,6,1,0,1,0
2567,4,2,14,1,0,1,1
2568,4,4,6,1,0,1,0
2569,4,3,7,0,0,1,0
2570,4,4,6,1,0,0,0
2571,4,4,2,1,0,0,0
2572,4,3,7,0,0,1,1
2573,4,4,6,1,0,1,0
2574,4,4,2,1,0,1,0
2575,4,3,7,0,0,0,1
2576,4,3,13,1,0,0,0
2577,4,6,8,1,0,0,1
2578,4,4,20,0,0,1,0
2579,4,5,8,0,0,0,1
2580,4,6,8,1,0,0,1
2581,4,6,8,1,0,0,1
2582,4,6,8,1,0,1,1
2583,4,4,8,0,0,1,0
2584,4,5,8,1,0,1,1
2585,4,4,2,1,0,0,1
2586,4,4,2,1,0,0,1
2587,4,2,10,1,0,0,0
2588,4,6,8,1,0,0,0
2589,4,4,6,1,0,0,0
2590,4,4,6,1,0,1,0
2591,4,6,8,1,0,1,0
2592,4,3,7,0,0,1,1
2593,4,4,6,1,0,1,1
2594,4,3,7,0,0,1,1
2595,4,7,5,1,0,1,1
2596,4,3,7,0,0,0,0
2597,4,4,2,1,0,0,0
2598,4,4,2,1,0,0,0
2599,4,4,6,1,0,0,1
2600,4,6,8,0,0,0,1
2601,4,6,9,1,0,1,0
2602,4,6,7,1,0,1,0
2603,3,5,26,1,0,1,1
2604,3,5,13,1,0,1,1
2605,3,5,13,1,0,1,0
2606,3,5,4,1,0,1,1
2607,3,6,16,1,0,1,0
2608,4,1,5,1,0,1,1
2609,4,6,9,1,0,1,0
2610,3,5,5,0,0,1,0
2611,3,2,2,0,0,1,1
2612,3,5,26,1,0,1,1
2613,3,5,13,1,1,1,0
2614,4,4,13,1,1,1,1
2615,3,3,7,1,1,1,1
2616,4,5,14,1,1,1,0
2617,3,5,4,1,0,1,0
2618,3,5,26,1,0,1,0
2619,3,5,13,1,0,1,1
2620,2,5,19,0,0,1,1
2621,4,5,9,1,1,1,0
2622,4,3,8,1,1,1,1
2623,3,2,1,1,0,1,1
2624,3,5,13,1,0,1,0
2625,3,3,7,1,0,1,0
2626,4,6,9,1,0,1,0
2627,3,5,13,1,1,1,1
2628,3,6,16,1,1,1,1
2629,4,4,3,1,0,0,0
2630,4,2,6,1,0,0,1
2631,4,4,10,1,0,1,0
2632,4,2,6,0,0,1,0
2633,4,4,11,1,0,1,1
2634,4,2,6,1,0,1,1
2635,4,4,11,1,0,1,0
2636,4,2,6,1,0,1,0
2637,4,2,14,1,0,1,1
2638,4,4,6,1,0,1,1
2639,4,4,6,1,0,1,0
2640,4,4,6,1,0,1,1
2641,4,2,6,1,0,1,1
2642,4,2,14,1,0,1,0
2643,4,6,8,1,0,1,1
2644,4,4,6,1,0,0,0
2645,4,3,7,0,0,0,0
2646,4,6,8,1,0,0,1
2647,4,6,8,1,0,0,1
2648,4,4,6,1,0,0,1
2649,4,4,6,1,0,0,1
2650,4,4,2,1,0,1,0
2651,4,4,2,1,0,1,0
2652,4,6,8,1,0,1,1
2653,4,4,6,1,0,1,1
2654,4,4,2,1,0,0,0
2655,4,3,7,0,0,1,0
2656,4,3,7,0,0,1,0
2657,4,4,2,1,0,0,0
2658,4,3,7,0,0,0,1
2659,4,6,7,1,0,1,1
2660,2,5,19,0,0,1,0
2661,3,6,16,1,0,1,1
2662,3,3,4,1,0,1,0
2663,3,6,16,1,0,1,0
2664,3,2,1,1,0,1,1
2665,2,4,16,1,1,1,1
2666,3,2,2,1,0,1,0
2667,2,5,19,0,0,1,1
2668,3,5,5,0,0,1,0
2669,4,6,7,0,0,1,1
2670,3,3,4,1,1,1,0
2671,3,5,4,1,0,1,0
2672,3,3,4,1,0,1,1
2673,3,5,26,1,0,1,0
2674,4,1,5,1,0,1,1
2675,3,5,13,1,0,1,0
2676,4,5,9,1,0,1,1
2677,4,3,8,1,0,1,0
2678,4,4,11,1,0,1,1
2679,3,2,1,1,0,1,0
2680,3,5,5,0,0,1,1
2681,4,4,13,1,0,1,1
2682,4,5,14,1,1,1,0
2683,3,6,16,1,0,1,1
2684,4,6,7,0,0,1,0
2685,3,5,13,1,0,1,1
2686,4,4,13,1,0,1,0
2687,3,5,4,1,0,1,0
2688,4,5,9,1,0,1,0
2689,2,4,16,1,0,1,1
2690,4,4,11,1,0,1,1
2691,3,5,13,1,0,1,1
2692,3,2,1,1,0,1,0
2693,4,5,9,1,1,1,0
2694,4,3,8,1,1,1,1
2695,4,2,6,1,1,1,0
2696,4,2,6,0,1,0,1
2697,4,3,7,0,1,0,0
2698,4,4,4,1,1,0,1
2699,4,4,7,1,0,0,0
2700,4,4,3,1,0,0,1
2701,4,5,6,1,0,1,0
2702,4,4,6,1,0,1,1
2703,4,2,6,1,0,1,0
2704,4,4,6,1,0,1,1
2705,4,2,14,1,0,1,1
2706,4,4,6,1,0,1,1
2707,4,4,6,1,0,1,0
2708,4,2,6,1,0,1,0
2709,2,3,8,0,0,1,1
2710,4,6,8,1,0,1,0
2711,4,6,8,1,0,1,0
2712,4,4,6,1,0,0,0
2713,4,6,8,1,0,1,0
2714,4,4,6,1,0,0,1
2715,4,4,6,1,0,1,1
2716,4,4,2,1,0,1,1
2717,4,7,5,1,0,1,1
2718,4,6,8,1,0,0,0
2719,4,3,7,0,0,0,0
2720,4,4,20,0,0,1,0
2721,4,4,2,1,0,0,1
2722,4,2,6,1,0,1,1
2723,4,4,10,1,0,1,0
2724,4,3,13,1,0,1,1
2725,4,4,2,1,0,1,1
2726,4,4,2,1,0,1,1
2727,4,3,7,0,0,1,0
2728,4,5,8,0,0,1,0
2729,1,3,10,0,0,1,0
2730,4,4,6,1,0,1,1
2731,4,3,7,0,0,0,0
2732,4,3,7,0,0,0,1
2733,2,4,16,1,1,1,0
2734,3,3,7,1,0,1,0
2735,3,5,26,1,0,1,1
2736,3,2,2,0,0,1,1
2737,3,3,4,1,0,1,0
2738,4,1,5,1,1,1,0
2739,3,5,26,1,1,1,1
2740,3,5,4,1,0,1,1
2741,4,1,5,1,0,1,0
2742,3,5,4,1,0,1,0
2743,3,5,13,1,0,1,1
2744,4,5,9,1,0,1,1
2745,3,6,16,1,1,1,0
2746,3,3,4,1,0,1,1
2747,4,6,7,0,1,1,1
2748,3,2,2,1,0,1,0
2749,3,3,7,1,1,1,0
2750,4,6,9,1,0,1,1
2751,3,2,2,1,1,1,1
2752,4,5,9,1,0,1,0
2753,3,5,5,0,0,1,0
2754,3,3,4,1,0,1,1
2755,4,5,14,1,0,1,0
2756,3,3,4,1,0,1,1
2757,4,3,10,1,0,1,0
2758,4,2,10,1,0,1,1
2759,4,5,14,1,0,1,0
2760,4,6,20,0,0,0,0
2761,4,5,10,1,1,1,1
2762,4,5,26,0,0,0,1
2763,3,3,6,1,0,1,0
2764,2,2,6,1,0,1,1
2765,3,4,6,1,0,1,0
2766,3,3,6,1,0,1,1
2767,4,3,7,1,0,1,0
2768,4,3,6,1,0,1,1
2769,0,2,4,1,0,0,0
2770,4,3,6,1,0,1,1
2771,4,4,6,1,0,1,0
2772,4,3,4,0,0,1,1
2773,3,4,4,1,0,1,1
2774,3,3,4,1,0,1,0
2775,4,1,4,1,0,1,0
2776,4,2,4,1,0,1,1
2777,4,2,11,1,0,1,0
2778,4,4,11,1,0,1,0
2779,4,1,11,1,0,1,1
2780,4,3,11,1,0,1,1
2781,1,3,4,1,0,1,0
2782,4,3,4,1,0,1,1
2783,4,2,5,0,0,1,0
2784,4,2,6,0,0,0,1
2785,2,2,2,0,0,0,0
2786,3,3,16,1,0,1,1
2787,4,4,16,1,0,1,0
2788,1,3,4,1,0,0,0
2789,4,3,3,1,0,0,1
2790,3,4,13,1,0,1,0
2791,4,1,12,1,0,1,1
2792,4,3,2,1,0,0,1
2793,3,3,9,1,0,1,0
2794,4,3,9,1,0,1,1
2795,3,3,8,1,0,1,1
2796,3,4,6,1,0,1,0
2797,3,4,6,1,0,1,0
2798,4,3,5,0,0,0,0
2799,0,2,5,1,0,0,1
2800,3,3,5,1,0,1,1
2801,4,4,5,1,0,1,1
2802,4,3,5,1,0,1,0
2803,3,4,8,1,0,1,0
2804,3,3,9,1,0,1,1
2805,4,2,5,1,0,0,0
2806,1,3,4,1,0,1,1
2807,4,3,4,1,0,1,0
2808,4,2,5,0,0,1,1
2809,3,2,13,1,0,1,1
2810,4,2,12,1,0,1,0
2811,4,1,11,1,0,1,1
2812,3,3,12,1,0,1,0
2813,4,5,22,1,0,1,0
2814,4,2,19,1,0,1,0
2815,2,3,10,1,0,1,1
2816,3,4,21,1,0,1,1
2817,4,3,4,1,0,0,0
2818,4,2,5,1,0,1,0
2819,1,3,5,1,0,0,1
2820,4,4,21,1,0,1,1
2821,4,2,5,0,0,0,1
2822,4,3,10,1,0,1,0
2823,4,3,6,1,0,1,1
2824,4,4,8,1,0,1,0
2825,3,3,8,1,0,1,0
2826,3,3,21,1,0,1,1
2827,4,3,5,1,0,1,0
2828,3,3,9,1,0,1,1
2829,0,2,4,1,0,1,1
2830,4,3,5,0,0,1,0
2831,4,3,5,1,0,1,0
2832,0,2,4,1,0,1,0
2833,4,3,5,0,0,0,1
2834,4,3,6,1,0,1,0
2835,4,3,7,1,0,1,1
2836,4,4,6,1,0,1,1
2837,4,4,8,1,0,1,0
2838,4,4,8,1,0,1,1
2839,4,4,8,1,0,1,0
2840,4,2,7,1,0,1,1
2841,4,3,4,0,0,1,0
2842,4,2,4,1,0,1,1
2843,4,3,5,0,0,1,1
2844,2,3,6,1,0,0,0
2845,4,2,6,0,1,1,0
2846,2,2,13,0,1,1,0
2847,4,3,6,0,1,1,1
2848,4,3,2,1,0,1,1
2849,4,3,4,0,1,1,0
2850,0,2,3,1,0,1,1
2851,4,2,3,1,0,1,1
2852,4,3,4,0,0,1,1
2853,4,4,2,1,0,1,0
2854,4,4,5,1,0,1,0
2855,4,6,4,1,0,1,1
2856,4,2,4,0,0,1,0
2857,4,3,5,0,0,0,1
2858,4,3,2,1,0,0,0
2859,2,2,5,0,0,1,1
2860,4,2,14,1,0,1,1
2861,4,2,4,0,0,0,0
2862,4,4,6,1,0,1,0
2863,4,2,6,1,0,1,0
2864,4,4,11,1,0,1,1
2865,4,4,10,1,0,1,0
2866,4,2,10,1,0,1,1
2867,4,4,11,1,0,1,0
2868,4,6,7,1,0,1,1
2869,0,2,4,1,0,0,1
2870,4,3,4,0,0,1,0
2871,4,4,10,1,0,1,0
2872,4,4,11,1,0,1,1
2873,4,4,6,1,0,1,0
2874,4,4,6,1,0,1,1
2875,2,3,4,1,0,1,0
2876,2,3,6,1,0,0,1
2877,4,3,6,1,0,1,0
2878,4,2,7,1,0,1,1
2879,4,2,7,1,0,1,0
2880,3,3,7,1,0,1,1
2881,4,4,20,1,0,1,0
2882,4,2,23,1,0,1,1
2883,0,2,4,1,1,1,1
2884,4,3,4,0,1,1,0
2885,4,4,3,1,0,1,1
2886,3,2,7,1,0,1,0
2887,4,3,3,1,0,1,1
2888,4,2,3,1,0,1,0
2889,4,1,1,1,0,0,0
2890,3,3,5,1,0,1,0
2891,3,2,3,0,0,1,1
2892,4,3,7,1,0,1,1
2893,4,3,7,1,0,1,0
2894,4,3,4,0,1,1,0
2895,3,3,6,0,0,0,1
2896,4,5,11,1,1,1,1
2897,4,2,22,1,1,1,0
2898,3,3,3,1,0,1,1
2899,4,4,8,1,0,1,0
2900,4,3,2,1,0,0,1
2901,4,3,3,1,0,0,0
2902,4,4,8,1,0,1,1
2903,4,2,4,0,0,1,0
2904,3,3,3,1,1,1,0
2905,3,3,6,1,0,1,0
2906,4,4,6,1,1,1,1
2907,3,3,16,1,0,1,1
2908,4,3,6,0,0,0,1
2909,4,4,5,1,0,1,0
2910,4,4,4,1,0,1,0
2911,4,2,6,0,0,1,1
2912,3,3,4,1,0,1,1
2913,4,3,6,0,0,0,0
2914,4,3,4,1,0,1,1
2915,0,2,4,1,0,0,0
2916,4,3,4,0,0,1,1
2917,3,4,8,1,0,1,0
2918,3,4,8,1,0,1,1
2919,4,4,8,1,0,1,0
2920,3,3,8,1,0,1,1
2921,3,4,6,1,0,1,1
2922,4,4,4,1,0,1,0
2923,2,3,5,0,0,0,0
2924,2,2,19,0,0,0,1
2925,3,3,6,1,0,1,0
2926,3,4,21,1,0,1,1
2927,3,2,8,1,0,1,1
2928,4,1,12,1,0,1,0
2929,3,3,21,1,0,1,0
2930,4,3,7,1,0,1,1
2931,3,3,12,1,0,1,0
2932,4,4,11,1,0,1,1
2933,2,3,2,0,0,0,1
2934,3,3,12,0,0,1,0
2935,4,3,12,1,0,1,1
2936,4,1,11,1,0,1,1
2937,4,2,15,1,0,1,0
2938,4,5,13,1,0,0,0
2939,2,3,5,0,0,1,1
2940,4,3,5,1,0,1,0
2941,2,4,9,1,0,0,0
2942,3,2,3,0,0,0,0
2943,4,4,11,0,0,0,1
2944,4,4,6,1,0,1,1
2945,2,3,6,1,0,1,0
2946,4,3,6,1,0,1,1
2947,4,2,10,1,0,1,0
2948,4,6,8,1,0,1,0
2949,4,4,14,1,0,1,0
2950,4,4,2,1,1,0,0
2951,4,4,6,1,1,0,0
2952,4,4,6,1,0,0,0
2953,4,5,26,0,0,0,0
2954,4,6,8,1,0,0,0
2955,4,6,8,1,0,0,1
2956,4,6,8,1,0,1,1
2957,4,3,7,0,0,1,0
2958,4,4,2,1,0,0,0
2959,4,4,2,1,0,0,1
2960,4,4,14,1,0,1,0
2961,4,4,14,1,0,1,0
2962,4,6,18,1,0,1,1
2963,4,6,18,1,0,1,1
2964,4,4,2,1,0,1,1
2965,4,3,10,1,0,1,1
2966,4,3,7,0,0,1,0
2967,4,4,6,1,0,1,0
2968,4,4,8,1,0,0,0
2969,4,6,13,0,0,0,1
2970,4,4,2,1,0,0,1
2971,4,4,23,1,0,1,0
2972,4,3,7,0,1,1,1
2973,4,5,26,0,0,1,1
2974,4,4,6,1,0,1,1
2975,4,4,6,1,0,1,1
2976,4,5,26,0,0,1,1
2977,4,6,18,1,0,1,1
2978,4,4,8,1,0,0,0
2979,4,6,8,1,0,0,0
2980,4,4,8,1,0,0,1
2981,4,3,7,0,0,0,1
2982,4,3,7,0,0,0,1
2983,4,6,4,1,0,1,1
2984,4,2,6,1,0,1,0
2985,4,4,5,1,0,1,1
2986,4,4,3,1,0,1,0
2987,4,2,6,1,0,1,0
2988,4,4,11,1,0,1,0
2989,4,2,6,1,0,1,1
2990,4,4,10,1,0,1,1
2991,4,2,14,1,0,1,0
2992,4,2,6,1,0,1,1
2993,4,4,6,1,0,1,1
2994,4,4,11,1,0,1,0
2995,4,4,8,1,0,0,0
2996,4,4,14,1,0,0,0
2997,4,6,8,1,0,0,0
2998,4,3,7,0,0,1,0
2999,4,4,6,1,0,0,1
3000,4,5,8,1,0,1,1
3001,4,5,26,0,0,0,0
3002,4,4,2,1,0,0,0
3003,4,4,14,1,0,0,1
3004,4,4,2,1,0,0,1
3005,4,4,6,1,0,1,1
3006,4,6,18,1,0,1,1
3007,4,5,26,0,0,1,1
3008,4,4,6,1,0,1,1
3009,4,4,8,1,1,1,1
3010,4,6,8,1,0,1,0
3011,4,4,8,0,0,0,0
3012,4,3,7,0,0,0,0
3013,4,6,18,1,0,0,0
3014,4,4,2,1,0,0,1
3015,4,3,7,0,0,1,0
3016,4,6,8,0,0,1,0
3017,4,6,8,1,0,1,1
3018,4,2,10,1,0,0,1
3019,3,5,13,1,0,1,0
3020,4,6,9,1,1,1,0
3021,4,4,13,1,1,1,1
3022,3,3,7,1,0,1,1
3023,3,3,7,1,0,1,0
3024,3,5,13,1,0,1,1
3025,4,4,13,1,0,1,0
3026,4,5,14,1,0,1,1
3027,4,6,9,1,0,1,0
3028,3,5,13,1,0,1,0
3029,4,4,13,1,0,1,1
3030,3,3,7,1,0,1,1
3031,3,3,4,1,0,1,0
3032,3,6,16,1,0,1,0
3033,2,4,16,1,0,1,1
3034,3,5,4,1,0,1,1
3035,4,4,11,1,0,1,0
3036,3,5,13,1,0,1,1
3037,4,5,9,1,0,1,1
3038,4,3,8,1,0,1,0
3039,4,3,2,1,0,1,0
3040,4,3,13,1,0,0,0
3041,4,4,6,1,0,0,1
3042,4,2,6,1,0,0,1
3043,4,4,11,1,1,1,1
3044,4,4,11,1,0,1,0
3045,4,2,6,1,0,1,0
3046,4,2,6,1,0,1,1
3047,4,2,14,1,0,1,0
3048,4,4,11,1,0,1,1
3049,4,4,6,1,0,1,0
3050,4,2,6,1,0,1,1
3051,4,3,7,0,0,1,1
3052,4,4,14,1,0,0,0
3053,4,6,18,1,0,0,0
3054,4,4,8,1,0,1,0
3055,4,6,8,1,0,1,0
3056,4,5,26,0,0,1,1
3057,4,4,6,1,0,0,0
3058,4,5,26,0,0,0,1
3059,4,4,2,1,0,0,1
3060,4,6,18,1,0,1,1
3061,4,4,8,1,0,0,0
3062,4,4,14,1,0,0,1
3063,2,4,16,1,0,1,0
3064,3,3,4,1,0,1,1
3065,4,5,9,1,0,1,1
3066,3,2,1,1,0,1,0
3067,2,5,19,0,0,1,0
3068,3,2,1,1,0,1,0
3069,3,5,4,1,0,1,1
3070,3,6,16,1,0,1,1
3071,2,5,19,0,0,1,0
3072,3,3,4,1,0,1,0
3073,4,5,14,1,0,1,1
3074,3,5,5,0,0,1,1
3075,3,3,4,1,0,1,0
3076,4,4,11,1,0,1,0
3077,4,5,14,1,0,1,1
3078,3,2,2,0,0,1,1
3079,3,6,16,1,0,1,0
3080,4,1,5,1,0,1,1
3081,4,6,7,0,0,1,0
3082,3,5,13,1,0,1,1
3083,3,3,4,1,0,1,0
3084,3,3,4,1,0,1,0
3085,4,1,5,1,0,1,1
3086,3,5,13,1,0,1,1
3087,3,3,4,1,0,1,1
3088,4,3,8,1,0,1,1
3089,3,5,13,1,0,1,0
3090,4,5,9,1,0,1,0
3091,4,3,8,1,0,1,0
3092,4,5,9,1,0,1,1
3093,3,5,13,1,0,1,0
3094,4,4,11,1,0,1,1
3095,4,4,20,0,0,1,0
3096,4,7,5,1,1,0,1
3097,4,5,8,0,0,1,0
3098,4,3,13,1,0,0,1
3099,4,4,6,1,0,1,0
3100,4,4,6,1,0,1,0
3101,4,2,6,1,0,1,1
3102,4,5,6,1,0,1,1
3103,4,4,6,1,0,1,1
3104,4,4,2,1,0,1,0
3105,4,4,6,1,0,1,0
3106,4,6,8,0,0,1,0
3107,4,6,8,1,0,1,0
3108,4,5,8,1,0,0,0
3109,4,4,2,1,0,0,0
3110,4,3,7,0,0,0,1
3111,4,6,8,1,0,0,1
3112,4,6,8,1,0,0,0
3113,4,4,2,1,0,1,1
3114,4,3,7,0,0,1,1
3115,4,6,8,1,0,1,1
3116,4,4,6,1,0,1,0
3117,4,3,7,0,0,0,0
3118,4,4,2,1,0,0,1
3119,4,4,8,0,0,1,1
3120,4,4,6,1,0,0,0
3121,4,3,7,0,0,0,1
3122,4,2,10,1,0,0,1
3123,4,5,8,0,0,1,0
3124,4,3,13,1,0,1,1
3125,4,7,5,1,0,0,0
3126,4,4,20,0,0,0,1
3127,4,2,6,1,0,1,0
3128,4,4,6,1,0,1,0
3129,4,2,14,1,0,1,1
3130,4,4,11,1,0,1,1
3131,4,3,7,0,0,0,0
3132,4,4,14,1,0,0,0
3133,4,5,26,0,0,0,0
3134,4,5,26,0,0,1,0
3135,4,6,8,1,0,0,1
3136,4,4,2,1,0,0,0
3137,4,4,2,1,0,0,0
3138,4,4,8,1,0,0,1
3139,4,4,2,1,0,0,1
3140,4,3,7,0,0,0,1
3141,4,3,7,0,0,1,1
3142,4,4,6,1,0,1,0
3143,4,4,6,1,0,1,0
3144,4,3,7,0,0,1,1
3145,4,6,8,1,0,1,1
3146,4,4,14,1,0,1,1
3147,4,6,18,1,0,1,0
3148,4,6,18,1,0,0,1
3149,4,4,6,1,0,0,0
3150,4,6,8,1,0,0,0
3151,4,4,2,1,0,1,0
3152,4,4,6,1,0,1,1
3153,4,6,8,1,0,0,1
3154,4,4,8,1,0,0,1
3155,4,4,7,1,0,1,1
3156,4,4,3,1,0,1,0
3157,4,6,4,1,1,1,0
3158,4,2,3,1,0,1,1
3159,4,6,8,1,0,1,1
3160,4,6,8,1,0,1,0
3161,2,3,8,0,0,1,1
3162,4,4,2,1,0,1,1
3163,4,3,7,0,0,1,0
3164,4,4,10,1,0,0,0
3165,4,4,2,1,0,0,1
3166,4,4,2,1,0,1,0
3167,4,4,6,1,0,0,1
3168,4,4,6,1,0,1,1
3169,4,3,13,1,1,1,1
3170,4,4,6,1,0,1,0
3171,1,3,10,0,0,1,0
3172,4,4,20,0,1,0,0
3173,4,5,8,0,1,1,0
3174,4,3,7,0,0,0,0
3175,4,7,5,1,0,0,1
3176,4,6,8,1,0,1,0
3177,4,3,7,0,0,1,1
3178,4,2,6,1,0,0,1
3179,4,6,18,1,1,1,1
3180,4,5,26,0,0,1,0
3181,4,4,14,1,0,0,0
3182,4,4,8,1,0,0,1
3183,4,4,11,1,0,1,0
3184,4,4,6,1,0,1,1
3185,4,2,14,1,0,1,0
3186,4,2,6,1,0,1,1
3187,4,3,7,0,0,0,0
3188,4,6,8,1,0,0,0
3189,4,3,7,0,0,0,0
3190,4,4,6,1,0,0,1
3191,4,4,6,1,0,1,1
3192,4,4,8,0,0,1,1
3193,4,6,8,0,0,1,1
3194,4,5,8,1,0,1,0
3195,4,3,7,0,0,1,1
3196,4,4,2,1,0,1,1
3197,4,2,10,1,0,1,0
3198,4,4,6,1,1,0,1
3199,4,6,8,1,0,1,0
3200,4,4,6,1,0,0,0
3201,4,6,8,1,0,0,0
3202,4,4,2,1,0,0,1
3203,4,4,2,1,0,0,1
3204,4,4,2,1,0,0,1
3205,4,6,8,1,0,1,0
3206,4,3,7,0,0,0,0
3207,4,4,6,1,0,1,1
3208,4,3,7,0,0,1,0
3209,4,4,6,1,0,1,0
3210,4,3,7,0,0,0,0
3211,4,4,2,1,0,1,0
3212,4,3,7,0,0,0,1
3213,4,6,8,1,0,1,1
3214,4,6,8,1,0,1,1
3215,4,4,2,1,0,1,0
3216,4,4,2,1,0,1,1
3217,4,4,6,1,0,1,1
3218,4,3,7,0,0,0,0
3219,4,4,2,1,0,1,0
3220,4,6,8,1,0,0,0
3221,4,6,8,1,0,0,1
3222,4,4,6,1,0,0,1
3223,4,4,8,0,0,0,0
3224,4,6,8,1,0,1,0
3225,4,6,8,1,0,0,0
3226,4,4,2,1,0,0,1
3227,4,6,8,0,0,1,0
3228,4,4,6,1,0,0,1
3229,4,3,7,0,0,1,0
3230,4,5,8,1,0,1,1
3231,4,4,2,1,0,1,1
3232,4,4,6,1,0,0,1
3233,4,3,7,0,0,0,0
3234,4,2,10,1,0,1,1
3235,4,4,6,1,0,0,0
3236,4,6,8,1,0,0,0
3237,4,6,18,1,0,0,1
3238,4,5,26,0,0,1,1
3239,4,3,7,0,0,1,1
3240,4,4,14,1,0,1,0
3241,4,4,8,1,0,1,0
3242,4,4,2,1,0,0,1
3243,4,4,6,1,0,1,0
3244,4,3,7,0,0,0,1
3245,4,4,2,1,0,1,1
3246,4,6,8,1,0,0,0
3247,4,3,7,0,0,1,1
3248,4,4,8,1,1,1,1
3249,4,5,26,0,1,0,0
3250,4,3,7,0,0,0,1
3251,4,4,2,1,0,0,1
3252,4,6,8,1,0,1,1
3253,4,4,6,1,0,1,0
3254,4,6,8,1,0,1,0
3255,4,4,6,1,0,0,0
3256,4,4,2,1,0,1,0
3257,4,6,18,1,1,1,0
3258,4,4,14,1,1,0,1
3259,4,6,20,0,0,0,1
3260,4,5,26,0,0,1,0
3261,4,5,10,1,1,1,0
3262,4,5,14,1,0,0,1
3263,4,4,8,1,0,1,0
3264,4,4,8,1,0,1,1
3265,3,2,12,1,0,1,1
3266,3,4,8,1,0,1,0
3267,4,3,4,0,0,0,0
3268,4,3,11,1,0,1,0
3269,0,2,4,1,0,1,1
3270,4,2,12,1,0,1,1
3271,3,3,8,1,0,1,1
3272,4,3,5,1,0,1,0
3273,4,1,4,1,0,1,0
3274,3,2,4,1,0,1,1
3275,4,2,5,0,1,0,0
3276,4,2,6,0,1,1,0
3277,4,3,7,0,1,0,1
3278,4,2,5,1,1,1,1
3279,2,3,5,0,0,1,0
3280,2,3,7,0,1,0,1
3281,4,3,4,0,0,1,0
3282,4,5,9,1,0,1,0
3283,2,3,3,0,0,0,0
3284,4,3,12,1,0,1,1
3285,4,5,13,1,0,1,1
3286,3,3,4,1,0,1,1
3287,4,2,14,1,0,1,0
3288,4,1,3,1,0,0,1
3289,4,4,6,1,0,1,0
3290,4,3,6,1,0,1,1
3291,3,3,7,1,0,1,0
3292,3,4,7,1,0,1,1
3293,4,3,6,1,0,1,0
3294,4,3,6,0,0,0,1
3295,3,3,8,1,0,1,1
3296,4,3,5,0,0,1,0
3297,3,3,9,1,0,1,0
3298,4,4,8,1,0,1,1
3299,3,4,6,1,0,1,0
3300,4,4,5,1,1,1,0
3301,4,3,5,1,1,1,1
3302,3,3,5,1,0,1,1
3303,3,3,7,1,0,1,0
3304,4,2,5,0,0,1,0
3305,4,3,4,1,0,0,1
3306,4,3,6,0,0,0,1
3307,3,3,13,1,0,1,0
3308,4,3,11,1,0,1,1
3309,4,2,10,1,0,1,1
3310,4,1,11,1,0,1,0
3311,3,3,10,1,1,1,0
3312,3,3,6,1,0,0,0
3313,3,4,21,1,0,1,1
3314,4,2,6,0,0,1,1
3315,4,3,4,1,0,0,1
3316,4,3,5,0,0,0,0
3317,4,2,25,1,0,1,0
3318,4,4,21,1,0,1,0
3319,3,2,4,1,0,1,1
3320,4,3,8,1,0,1,1
3321,4,3,5,1,0,1,1
3322,4,3,5,0,0,0,0
3323,4,3,6,0,0,0,0
3324,4,3,4,1,0,1,0
3325,4,1,4,1,0,0,1
3326,4,4,6,1,0,1,1
3327,3,3,7,1,0,1,1
3328,4,4,5,1,0,1,0
3329,4,3,6,0,0,1,1
3330,4,3,5,0,0,0,0
3331,4,2,4,1,0,1,0
3332,4,3,4,1,0,1,1
3333,3,3,5,1,0,1,0
3334,4,3,6,1,0,1,1
3335,4,2,5,1,0,0,1
3336,0,2,2,1,0,0,0
3337,4,6,4,1,0,0,0
3338,4,4,7,1,0,0,1
3339,4,4,3,1,0,0,0
3340,4,5,12,1,0,0,1
3341,2,3,4,0,1,0,0
3342,4,2,5,0,1,0,1
3343,4,5,6,1,0,1,0
3344,4,3,6,0,0,1,0
3345,4,2,5,0,0,0,1
3346,4,4,6,1,0,1,1
3347,4,4,6,1,0,1,1
3348,4,2,5,0,0,0,1
3349,4,2,6,1,1,1,0
3350,4,3,2,1,0,1,0
3351,4,5,6,1,0,1,1
3352,4,4,6,1,0,1,0
3353,4,4,6,1,0,1,0
3354,4,3,4,0,0,1,0
3355,4,2,6,1,0,1,1
3356,1,3,4,1,0,1,1
3357,3,3,5,1,0,1,1
3358,4,2,4,0,0,1,0
3359,4,4,6,1,1,1,1
3360,2,3,4,1,1,0,1
3361,4,4,5,1,0,1,1
3362,2,3,6,0,0,0,0
3363,4,4,9,1,0,1,0
3364,4,3,3,1,0,1,1
3365,4,2,5,1,1,1,0
3366,1,3,4,1,0,1,0
3367,4,4,6,1,0,1,1
3368,4,6,7,1,0,1,0
3369,4,2,4,1,0,1,0
3370,4,4,5,1,0,1,1
3371,2,3,4,0,1,0,0
3372,4,6,5,1,0,1,1
3373,4,4,4,1,0,1,0
3374,4,2,3,1,0,1,0
3375,1,3,4,1,0,0,1
3376,4,4,3,1,0,1,1
3377,4,3,1,1,0,1,0
3378,4,3,2,1,0,0,1
3379,4,4,7,1,0,1,0
3380,4,4,7,1,0,1,1
3381,4,3,5,1,0,1,0
3382,4,3,4,0,1,1,0
3383,4,4,5,1,0,1,0
3384,3,4,5,1,1,1,1
3385,4,3,4,1,0,1,1
3386,0,2,4,1,1,0,1
3387,3,3,5,1,0,1,0
3388,4,1,9,1,0,0,1
3389,3,3,2,1,0,1,1
3390,4,3,5,0,0,1,0
3391,3,4,6,1,0,1,0
3392,2,2,5,0,0,1,1
3393,4,3,6,1,0,1,0
3394,3,3,5,1,0,1,1
3395,4,3,2,1,0,1,1
3396,0,2,4,1,1,1,1
3397,4,3,4,0,1,1,0
3398,3,4,7,1,0,1,0
3399,4,3,4,1,0,1,1
3400,4,4,5,1,0,1,0
3401,3,2,3,0,0,1,0
3402,3,3,3,1,0,1,1
3403,4,4,4,1,0,1,0
3404,4,1,9,1,0,1,1
3405,4,4,7,1,0,1,0
3406,4,2,6,0,0,0,0
3407,4,3,2,1,0,0,1
3408,4,4,3,1,0,1,1
3409,3,3,5,1,0,1,0
3410,4,3,4,1,0,1,1
3411,4,3,3,1,0,1,0
3412,2,3,4,1,0,0,1
3413,4,2,4,1,0,1,1
3414,2,3,6,1,0,0,0
3415,2,2,9,0,0,1,0
3416,4,3,2,1,0,0,1
3417,3,4,6,1,0,1,1
3418,3,3,5,1,0,1,0
3419,2,2,6,1,0,1,0
3420,3,3,4,1,0,1,1
3421,1,3,4,1,0,0,1
3422,3,3,4,1,0,1,0
3423,4,3,3,1,0,1,0
3424,3,4,6,1,0,1,1
3425,2,2,4,1,0,1,0
3426,3,3,4,1,0,1,1
3427,4,2,15,1,0,1,1
3428,3,4,9,1,0,1,0
3429,4,5,7,1,0,1,0
3430,3,2,12,1,0,1,1
3431,4,2,5,1,0,1,1
3432,2,3,1,0,0,1,0
3433,4,1,7,1,0,0,0
3434,2,3,3,1,0,0,1
3435,4,3,11,1,0,1,1
3436,3,4,9,1,0,1,0
3437,4,4,10,1,0,1,1
3438,4,5,16,1,0,0,1
3439,4,6,18,1,1,0,0
3440,3,3,8,1,0,1,0
3441,3,3,16,1,0,1,1
3442,4,4,16,1,0,0,0
3443,4,4,14,1,0,1,0
3444,4,6,8,1,0,0,0
3445,4,6,18,1,0,0,1
3446,4,4,23,1,0,1,1
3447,4,3,7,0,0,0,0
3448,4,5,26,0,0,0,0
3449,4,6,8,1,0,0,0
3450,4,3,7,0,0,0,0
3451,4,4,2,1,0,0,0
3452,4,5,26,0,0,0,1
3453,4,4,8,1,0,1,1
3454,4,6,8,1,0,1,1
3455,4,5,11,0,0,0,0
3456,4,4,14,1,0,0,0
3457,4,4,6,1,0,0,1
3458,4,4,2,1,0,0,1
3459,4,6,18,1,0,0,1
3460,4,3,7,0,0,1,0
3461,4,4,8,1,0,1,0
3462,4,3,10,1,0,1,0
3463,4,4,6,1,0,1,1
3464,4,2,10,1,0,1,1
3465,4,4,6,1,0,0,1
3466,4,4,2,1,0,0,1
3467,4,5,26,0,0,0,0
3468,4,5,9,1,0,0,0
3469,4,6,8,1,0,0,0
3470,4,5,14,1,0,0,1
3471,4,3,7,0,0,0,1
3472,4,4,8,1,0,0,1
3473,4,4,2,1,0,1,1
3474,4,4,6,1,0,1,0
3475,4,5,16,0,0,1,0
3476,4,4,2,1,0,0,1
3477,4,4,14,1,0,0,1
3478,4,6,18,1,0,0,0
3479,4,6,8,1,0,1,0
3480,4,3,13,0,0,1,1
3481,4,3,7,0,0,1,1
3482,4,4,6,1,0,0,0
3483,4,3,7,0,0,1,1
3484,4,6,8,1,0,0,0
3485,4,3,13,1,1,0,0
3486,4,6,8,1,0,0,1
3487,4,4,2,1,0,0,1
3488,4,4,6,1,0,0,1
3489,4,6,8,1,0,0,1
3490,4,4,23,1,0,1,1
3491,4,4,6,1,0,1,0
3492,4,5,26,0,1,1,0
3493,2,5,15,0,0,1,1
3494,4,4,2,1,0,1,1
3495,4,4,2,1,0,1,0
3496,4,3,7,0,0,1,0
3497,4,4,6,1,0,0,0
3498,4,4,2,1,0,0,0
3499,4,4,6,1,0,1,1
3500,4,3,7,0,0,0,0
3501,4,6,8,1,0,0,0
3502,4,3,7,0,0,0,1
3503,4,4,8,0,0,0,1
3504,4,2,10,1,0,0,1
3505,4,6,8,0,0,1,0
3506,4,5,8,1,0,0,0
3507,4,4,14,1,0,1,1
3508,4,3,7,0,0,1,0
3509,4,2,6,1,0,0,0
3510,4,6,8,1,0,0,0
3511,4,5,26,0,0,1,0
3512,4,6,18,1,0,0,0
3513,1,3,10,0,0,0,1
3514,4,4,6,1,0,0,1
3515,4,3,7,0,0,1,1
3516,4,4,10,1,0,1,1
3517,4,4,8,1,0,0,1
3518,2,3,8,0,0,1,0
3519,4,6,8,1,0,0,1
3520,4,4,2,1,0,0,1
3521,4,4,2,1,0,1,0
3522,4,4,6,1,0,0,0
3523,4,2,10,1,0,0,0
3524,4,6,8,0,0,1,1
3525,4,4,8,0,0,0,0
3526,4,5,8,1,0,0,1
3527,4,5,9,1,0,1,0
3528,4,6,4,0,0,1,1
3529,4,3,2,0,0,1,0
3530,4,3,8,1,0,1,1
3531,4,5,26,0,0,0,0
3532,4,4,14,1,0,1,0
3533,4,4,6,1,0,1,1
3534,4,3,7,0,0,0,0
3535,4,6,18,1,0,0,0
3536,4,5,26,0,0,0,1
3537,4,4,2,1,0,0,1
3538,4,4,8,1,0,1,0
3539,4,6,18,1,0,1,1
3540,4,4,8,1,0,0,1
3541,4,6,8,1,0,0,0
3542,4,4,14,1,0,1,1
3543,4,3,7,0,0,1,1
3544,4,4,6,1,0,1,0
3545,4,6,8,0,0,1,0
3546,4,6,18,1,0,1,0
3547,4,4,8,0,0,0,0
3548,4,4,8,1,0,0,0
3549,4,4,2,1,0,0,0
3550,4,3,7,0,0,0,1
3551,4,5,8,1,0,1,1
3552,4,6,8,1,0,1,1
3553,4,4,14,1,0,1,1
3554,4,4,2,1,0,1,0
3555,4,6,8,1,0,0,1
3556,4,4,6,1,0,1,0
3557,4,2,10,1,0,0,1
3558,4,5,26,0,0,0,1
3559,4,6,18,1,0,1,0
3560,4,3,7,0,0,1,0
3561,4,5,26,0,0,0,0
3562,4,6,8,1,0,0,1
3563,4,4,8,1,0,0,1
3564,4,4,2,1,0,1,0
3565,4,4,14,1,0,1,1
3566,4,4,6,1,0,1,1
3567,4,3,2,1,0,1,0
3568,4,6,8,1,0,1,0
3569,4,4,2,1,0,0,1
3570,4,4,6,1,0,1,0
3571,4,2,6,1,0,1,1
3572,4,4,7,1,0,1,0
3573,4,3,7,0,0,1,1
3574,4,4,6,1,0,0,0
3575,4,6,8,1,0,1,0
3576,4,3,7,0,0,0,1
3577,4,2,6,1,0,0,1
3578,4,4,2,1,0,0,1
3579,4,4,6,1,0,0,1
3580,4,6,8,1,1,1,0
3581,4,3,7,0,0,0,0
3582,4,4,2,1,0,0,1
3583,4,4,6,1,0,0,0
3584,4,4,2,1,0,1,0
3585,4,5,26,0,0,0,0
3586,4,4,8,1,0,0,1
3587,4,3,7,0,1,0,1
3588,4,3,7,0,0,0,1
3589,4,6,8,1,0,0,1
3590,4,6,8,1,0,1,1
3591,4,4,2,1,0,1,0
3592,4,4,6,1,1,0,0
3593,4,4,14,1,0,1,0
3594,4,6,18,1,0,0,1
3595,4,6,8,1,0,1,1
3596,4,3,7,0,0,0,1
3597,4,4,6,1,0,1,0
3598,4,4,2,1,0,0,0
3599,4,4,8,0,1,1,1
3600,4,4,8,1,1,1,0
3601,3,2,8,1,1,1,0
3602,4,3,7,1,0,1,1
3603,4,4,6,1,0,1,0
3604,4,6,8,1,0,0,1
3605,4,4,2,1,0,0,0
3606,4,4,2,1,0,0,0
3607,4,6,8,1,0,0,1
3608,4,4,6,1,0,1,1
3609,4,3,7,0,0,0,0
3610,4,3,7,0,0,1,1
3611,4,4,2,1,0,1,0
3612,4,4,6,1,0,0,1
3613,4,3,7,0,1,0,0
3614,4,6,8,1,0,0,1
3615,4,6,8,1,0,1,0
3616,4,3,7,0,0,1,0
3617,4,4,6,1,0,1,0
3618,4,6,8,1,0,1,1
3619,4,4,6,1,0,1,1
3620,4,4,2,1,0,1,0
3621,4,3,7,0,0,1,1
3622,4,4,2,1,0,1,1
3623,4,4,6,1,0,0,0
3624,4,6,8,1,0,1,1
3625,4,4,2,1,0,0,0
3626,4,3,7,0,1,1,1
3627,4,3,7,0,1,0,0
3628,4,2,6,0,0,1,1
3629,4,4,7,1,1,0,0
3630,4,4,4,1,1,0,1
3631,4,4,4,1,1,1,0
3632,4,2,4,1,1,1,1
3633,4,5,7,1,0,1,0
3634,4,4,6,1,1,1,0
3635,3,4,6,1,0,1,1
3636,2,2,3,0,0,0,1
3637,4,4,9,1,1,1,1
3638,4,3,4,1,0,1,1
3639,4,3,2,1,0,0,0
3640,4,2,4,0,0,0,0
3641,3,2,4,1,0,1,0
3642,3,3,8,1,0,1,0
3643,4,1,4,1,0,1,1
3644,4,3,5,1,0,1,1
3645,2,2,6,1,1,1,0
3646,4,4,11,1,1,1,1
3647,3,3,3,1,1,1,1
3648,4,3,5,1,0,1,0
3649,4,2,6,0,0,0,1
3650,4,3,6,0,0,0,0
3651,4,3,5,0,0,0,0
3652,3,3,7,1,0,0,1
3653,4,2,5,1,0,0,0
3654,4,3,3,1,0,1,1
3655,3,3,6,1,0,1,1
3656,4,3,7,1,0,1,0
3657,4,3,6,0,0,0,0
3658,3,3,7,1,0,1,1
3659,4,3,2,1,0,1,0
3660,4,4,6,1,0,1,1
3661,2,2,6,1,0,1,0
3662,2,2,2,0,0,0,1
3663,4,2,15,1,0,1,0
3664,4,5,13,1,0,1,0
3665,4,1,12,1,0,1,1
3666,4,4,11,1,0,1,1
3667,3,2,7,1,0,1,0
3668,4,3,7,0,0,0,0
3669,4,3,2,0,0,0,0
3670,4,4,7,1,0,1,1
3671,3,3,7,1,0,1,1
3672,4,4,5,1,0,1,0
3673,2,2,2,0,0,0,1
3674,4,4,6,1,0,1,1
3675,4,3,4,1,0,1,0
3676,4,5,4,1,0,1,1
3677,3,4,4,1,0,1,0
3678,4,3,4,1,0,1,1
3679,4,3,5,0,0,1,0
3680,0,2,5,1,0,0,1
3681,4,1,11,1,0,1,0
3682,4,5,12,1,0,1,1
3683,4,2,25,1,0,1,1
3684,4,6,11,1,0,1,0
3685,4,3,6,1,0,1,0
3686,4,4,6,1,0,1,1
3687,0,2,2,1,0,1,0
3688,3,3,5,1,0,1,1
3689,0,2,4,1,0,0,0
3690,4,3,5,0,0,1,1
3691,4,3,5,0,0,0,0
3692,4,3,3,1,1,1,1
3693,4,4,8,1,1,1,0
3694,3,3,18,1,1,1,1
3695,0,2,4,1,0,1,1
3696,3,3,8,1,1,1,0
3697,4,4,9,1,1,1,1
3698,4,3,12,1,0,1,0
3699,3,3,4,1,0,0,0
3700,4,2,5,0,0,0,1
3701,3,3,8,1,0,1,1
3702,4,4,8,1,1,1,0
3703,4,3,6,0,0,1,1
3704,4,3,3,1,0,1,0
3705,4,4,7,1,0,1,1
3706,4,5,9,1,0,1,0
3707,0,2,2,1,0,1,0
3708,4,3,2,0,0,0,1
3709,4,3,5,0,0,0,0
3710,0,2,4,1,0,1,1
3711,3,2,1,1,0,1,0
3712,4,6,7,0,0,1,1
3713,3,5,26,1,0,1,0
3714,3,6,16,1,0,1,1
3715,4,2,6,1,0,1,1
3716,4,3,4,0,1,0,0
3717,0,2,4,1,0,1,1
3718,4,4,11,1,0,1,0
3719,4,2,6,1,0,1,0
3720,4,4,11,1,0,1,1
3721,4,3,2,1,0,1,1
3722,2,2,4,0,0,0,0
3723,4,2,5,0,0,0,1
3724,4,3,6,0,0,0,0
3725,4,4,4,1,0,1,1
3726,4,5,5,1,0,1,1
3727,4,2,4,1,0,1,0
3728,4,4,5,1,0,1,0
3729,4,4,4,1,0,1,0
3730,4,2,6,0,0,1,1
3731,2,2,6,0,0,1,0
3732,4,6,7,1,0,1,0
3733,4,2,5,1,0,1,1
3734,4,4,6,1,0,1,1
3735,4,5,8,1,0,1,0
3736,4,4,3,1,0,1,1
3737,2,2,6,0,0,1,0
3738,3,3,6,1,0,1,1
3739,4,5,10,1,0,1,0
3740,2,3,2,1,0,1,1
3741,4,5,8,1,0,1,0
3742,3,3,4,1,0,1,1
3743,3,3,5,1,0,1,1
3744,3,4,5,1,0,1,0
3745,2,2,5,0,0,1,0
3746,4,1,9,1,0,0,1
3747,3,4,5,1,0,1,0
3748,4,4,5,1,0,1,1
3749,3,4,10,1,0,1,0
3750,4,3,6,0,0,0,0
3751,4,4,11,1,0,1,0
3752,4,4,6,1,0,1,1
3753,4,5,3,1,0,1,1
3754,4,3,5,0,0,0,1
3755,4,2,5,0,0,0,0
3756,4,2,22,1,0,1,0
3757,3,4,21,1,1,1,1
3758,4,3,6,1,0,1,1
3759,3,3,16,1,0,1,0
3760,2,3,4,0,0,0,1
3761,4,3,4,1,0,1,0
3762,4,4,4,1,0,1,1
3763,3,3,3,1,0,1,0
3764,4,4,5,1,0,1,1
3765,3,2,3,0,0,1,0
3766,4,4,6,1,0,1,0
3767,3,4,6,1,0,1,1
3768,3,4,21,1,0,1,0
3769,4,1,9,1,0,1,1
3770,3,3,3,1,0,1,1
3771,4,4,11,1,0,1,0
3772,4,3,3,1,0,0,1
3773,4,2,6,0,1,0,0
3774,4,4,11,1,0,1,1
3775,4,3,3,1,0,0,0
3776,4,2,6,0,0,0,1
3777,4,4,4,1,0,1,0
3778,4,4,11,1,0,1,1
3779,4,5,7,1,0,1,1
3780,3,4,2,1,0,1,0
3781,3,3,3,1,0,1,0
3782,4,4,4,1,0,1,1
3783,3,3,3,1,0,1,0
3784,4,3,6,0,0,1,0
3785,3,3,5,1,0,1,1
3786,4,2,4,0,0,1,1
3787,4,4,11,1,0,1,0
3788,3,3,11,1,0,1,1
3789,3,3,3,1,0,1,0
3790,3,4,6,1,0,1,1
3791,3,4,8,1,1,1,0
3792,4,3,6,1,0,0,0
3793,3,3,5,1,0,1,1
3794,3,4,7,0,0,0,0
3795,4,3,10,1,0,1,0
3796,3,3,3,1,0,0,1
3797,4,4,11,1,0,1,1
3798,3,4,7,0,0,1,1
3799,3,4,21,1,1,1,0
3800,4,2,13,1,0,1,1
3801,4,1,11,1,0,1,0
3802,4,4,20,1,0,0,0
3803,3,3,10,1,0,1,1
3804,4,5,10,1,0,0,1
3805,3,3,11,1,0,0,0
3806,4,2,9,1,0,0,1
3807,4,4,6,1,0,1,1
3808,4,4,2,1,1,1,1
3809,4,3,7,0,0,1,0
3810,4,6,8,1,0,0,0
3811,4,6,8,1,1,0,0
3812,4,3,7,0,0,0,0
3813,4,4,2,1,0,1,0
3814,4,6,18,1,0,1,0
3815,4,4,2,1,0,0,1
3816,4,2,10,1,0,1,1
3817,4,6,8,1,0,1,1
3818,4,3,7,0,0,0,1
3819,4,4,2,1,0,0,1
3820,4,5,8,1,0,0,0
3821,4,4,2,1,0,1,0
3822,4,4,8,1,0,0,1
3823,4,4,8,0,0,1,1
3824,4,6,8,1,0,1,1
3825,4,6,8,1,0,1,0
3826,4,3,7,0,0,1,1
3827,4,4,6,1,0,1,0
3828,4,3,7,0,0,0,0
3829,4,4,6,1,0,1,0
3830,4,4,6,1,0,0,1
3831,4,4,6,1,0,1,1
3832,4,5,26,0,0,0,0
3833,4,6,8,0,0,0,0
3834,4,4,14,1,0,0,1
3835,4,6,8,1,0,1,0
3836,4,4,14,1,0,1,0
3837,4,5,26,0,0,1,1
3838,4,5,26,0,0,1,0
3839,4,6,18,1,0,1,1
3840,4,4,8,1,0,1,0
3841,4,3,7,0,0,1,0
3842,4,4,8,1,0,0,1
3843,4,4,14,1,0,0,1
3844,4,4,6,1,0,1,1
3845,4,6,18,1,0,0,0
3846,4,4,2,1,0,0,1
3847,4,4,2,1,0,1,1
3848,4,6,8,1,0,1,0
3849,4,3,7,0,0,0,0
3850,4,4,6,1,0,0,1
3851,4,2,10,1,0,1,0
3852,4,5,8,1,0,0,0
3853,4,4,8,0,0,0,1
3854,4,6,8,0,0,0,1
3855,4,4,6,1,0,1,0
3856,4,3,7,0,0,1,1
3857,4,4,2,1,0,1,0
3858,4,6,8,1,0,1,1
3859,4,4,6,1,0,1,1
3860,4,4,2,1,0,0,0
3861,4,3,7,0,0,0,0
3862,4,6,8,1,0,1,1
3863,4,2,10,1,0,0,0
3864,4,5,8,1,0,1,1
3865,4,4,8,0,0,0,0
3866,4,6,8,0,0,0,1
3867,4,4,6,1,0,1,0
3868,4,5,26,0,0,0,0
3869,4,6,18,1,0,0,0
3870,4,6,8,1,0,0,0
3871,4,4,8,1,0,0,1
3872,4,4,14,1,0,0,1
3873,4,4,2,1,0,0,1
3874,4,3,7,0,0,0,1
3875,4,4,14,1,0,0,0
3876,4,5,26,0,0,0,1
3877,4,6,18,1,0,1,1
3878,4,4,8,1,0,0,0
3879,4,3,7,0,0,1,0
3880,4,4,14,1,0,1,1
3881,4,5,26,0,0,1,0
3882,4,6,18,1,0,1,0
3883,4,4,8,1,0,1,1
3884,4,4,6,1,0,1,1
3885,4,4,2,1,0,0,0
3886,4,6,8,1,0,0,1
3887,4,6,8,1,0,1,1
3888,4,4,2,1,0,0,0
3889,4,3,7,0,0,0,0
3890,4,4,6,1,0,1,1
3891,4,4,2,1,0,0,0
3892,4,6,8,1,0,1,1
3893,4,4,6,1,0,1,0
3894,4,3,7,0,0,0,1
3895,4,4,2,1,0,0,0
3896,4,3,7,0,0,0,1
3897,4,6,8,1,0,0,1
3898,4,4,6,1,0,0,0
3899,4,4,8,1,0,1,1
3900,4,5,26,0,0,0,0
3901,4,4,14,1,0,1,1
3902,4,6,18,1,0,0,0
3903,4,5,8,1,0,1,0
3904,4,2,10,1,0,1,1
3905,4,4,8,0,0,1,1
3906,4,6,8,0,0,1,0
3907,4,2,6,1,0,1,0
3908,2,3,8,0,0,0,1
3909,4,4,10,1,0,0,1
3910,1,3,10,0,0,1,0
3911,4,3,7,0,0,0,0
3912,4,2,6,0,0,0,1
3913,4,4,7,1,0,1,1
3914,4,4,4,1,0,0,0
3915,4,3,4,1,0,1,0
3916,4,4,12,1,0,1,1
3917,2,1,1,1,0,1,1
3918,4,3,5,1,1,1,0
3919,2,2,6,1,0,1,0
3920,3,4,7,1,0,1,0
3921,0,2,5,1,0,0,1
3922,2,3,6,1,0,1,1
3923,3,3,10,1,0,1,1
3924,4,3,5,0,0,1,0
3925,4,4,4,1,0,1,1
3926,4,2,4,1,0,1,0
3927,4,4,6,1,0,1,0
3928,4,4,6,1,0,1,0
3929,4,4,4,1,0,1,1
3930,3,2,19,1,0,1,1
3931,3,3,7,1,0,1,0
3932,4,3,3,1,0,0,1
3933,4,2,5,1,0,1,0
3934,4,3,5,0,0,0,1
3935,4,2,12,1,0,1,1
3936,4,3,5,0,0,1,1
3937,3,4,4,1,0,1,0
3938,3,2,12,1,0,1,1
3939,0,2,5,1,0,1,0
3940,3,3,9,1,0,1,0
3941,4,4,6,1,0,1,1
3942,3,4,6,1,0,1,1
3943,2,3,4,1,0,1,0
3944,4,4,6,1,0,1,0
3945,4,4,5,1,0,1,1
3946,3,4,6,1,0,1,0
3947,4,3,5,1,0,1,0
3948,3,3,5,1,0,1,1
3949,3,3,7,1,0,1,0
3950,4,1,4,1,0,1,1
3951,4,3,6,0,0,0,0
3952,4,3,7,0,0,1,1
3953,4,4,14,1,0,1,0
3954,4,4,11,1,1,1,1
3955,4,2,15,1,0,1,1
3956,4,5,14,1,0,1,0
3957,4,3,6,1,0,1,0
3958,3,4,9,1,0,1,0
3959,2,3,5,1,0,1,1
3960,4,3,7,1,0,1,1
3961,3,3,7,1,0,1,1
3962,4,1,4,1,0,1,0
3963,3,3,8,1,0,1,0
3964,4,3,7,0,0,0,1
3965,4,3,7,0,0,1,0
3966,4,3,6,1,0,1,1
3967,3,3,9,1,0,1,0
3968,4,4,8,1,0,1,1
3969,4,2,6,0,0,0,0
3970,4,2,5,0,0,1,1
3971,3,3,7,0,0,1,1
3972,4,3,6,0,0,1,0
3973,4,2,5,1,0,1,0
3974,4,4,3,1,0,1,1
3975,4,5,7,1,0,1,1
3976,3,2,4,1,0,1,0
3977,2,2,3,0,0,1,0
3978,4,3,3,1,0,1,1
3979,4,5,8,1,0,1,0
3980,4,2,7,1,0,1,1
3981,0,2,5,1,0,1,0
3982,4,4,7,1,0,1,1
3983,4,4,12,1,0,0,0
3984,4,4,4,1,0,0,1
3985,2,5,19,1,0,0,0
3986,4,2,5,1,0,0,1
3987,4,2,6,0,0,1,0
3988,4,3,3,1,0,1,1
3989,1,3,4,1,0,0,0
3990,3,3,6,1,0,0,1
3991,4,3,6,0,0,0,0
3992,4,2,4,0,0,1,1
3993,1,3,4,1,0,1,0
3994,4,3,3,1,0,1,1
3995,4,2,6,1,0,1,0
3996,2,3,5,0,0,0,0
3997,4,4,20,1,0,1,1
3998,2,3,6,1,0,0,1
3999,4,4,11,1,0,1,0
4000,4,2,6,1,0,1,1
4001,4,4,6,1,0,1,0
4002,3,3,6,0,0,0,1
4003,4,4,8,1,0,1,0
4004,4,2,6,1,0,1,1
4005,4,5,8,1,0,1,1
4006,4,3,4,0,0,0,0
4007,4,3,3,1,1,1,0
4008,4,2,2,0,1,1,1
4009,4,3,6,0,0,1,1
4010,4,3,5,1,0,1,0
4011,4,4,2,1,0,1,0
4012,4,2,6,0,0,1,0
4013,4,2,3,1,0,1,1
4014,4,4,7,1,0,1,1
4015,4,4,6,1,0,1,0
4016,4,4,6,1,0,1,1
4017,4,2,14,1,0,1,0
4018,4,2,6,1,0,1,1
4019,3,3,6,1,1,1,0
4020,2,2,5,0,0,0,1
4021,3,4,20,1,0,1,0
4022,4,4,5,1,0,1,1
4023,2,3,3,1,0,1,0
4024,3,3,15,1,0,1,1
4025,4,4,5,1,0,1,0
4026,4,3,5,1,0,1,0
4027,4,3,4,1,0,1,1
4028,3,4,5,1,0,1,1
4029,0,2,4,1,0,0,0
4030,4,3,4,0,0,0,1
4031,2,3,3,1,0,1,0
4032,3,4,10,1,0,1,1
4033,3,3,5,1,0,1,0
4034,3,3,5,1,0,1,1
4035,4,3,5,0,0,1,0
4036,4,3,6,0,0,1,1
4037,3,3,16,1,0,1,0
4038,3,4,6,1,0,1,0
4039,4,4,8,1,0,1,1
4040,3,3,8,1,0,1,1
4041,3,3,4,1,0,1,1
4042,3,3,3,1,0,1,0
4043,3,4,4,1,0,1,1
4044,2,2,5,1,0,1,0
4045,3,3,6,1,0,1,1
4046,3,3,16,1,1,1,0
4047,3,3,3,1,0,1,1
4048,4,4,6,1,0,1,0
4049,4,4,11,1,0,1,0
4050,4,5,7,1,0,1,0
4051,4,3,6,0,0,1,0
4052,4,2,5,1,0,0,1
4053,3,4,2,1,0,1,1
4054,4,4,4,1,0,1,1
4055,4,3,2,1,0,1,1
4056,4,2,6,0,0,0,0
4057,3,3,3,1,0,1,1
4058,3,3,16,1,0,1,0
4059,4,4,4,1,0,1,1
4060,3,3,8,1,0,1,0
4061,4,4,11,1,0,1,1
4062,4,5,7,1,0,1,0
4063,2,2,6,0,0,0,1
4064,4,3,2,1,0,0,0
4065,4,4,4,1,0,1,0
4066,3,4,4,1,0,1,1
4067,4,3,7,1,1,1,0
4068,4,5,13,1,0,1,0
4069,4,3,6,1,0,1,1
4070,3,3,5,1,0,1,1
4071,4,1,6,0,1,1,0
4072,4,3,6,1,1,0,0
4073,3,2,8,0,1,0,1
4074,3,3,11,1,1,1,1
4075,4,4,14,1,0,1,0
4076,2,3,7,1,0,1,1
4077,2,2,6,1,0,1,0
4078,4,3,8,1,0,1,1
4079,4,4,7,1,0,1,1
4080,4,3,5,1,0,1,0
4081,3,2,8,0,0,0,0
4082,4,3,4,1,0,1,0
4083,4,5,7,1,0,0,0
4084,2,1,3,1,0,1,1
4085,3,2,8,0,1,1,1
4086,4,1,8,1,1,1,1
4087,4,4,14,1,0,1,1
4088,4,5,26,0,0,1,0
4089,4,4,2,1,0,0,0
4090,4,4,8,1,0,1,0
4091,4,6,8,1,0,1,1
4092,4,4,6,1,0,1,0
4093,4,6,18,1,0,0,0
4094,4,4,6,1,0,0,0
4095,4,4,2,1,0,0,0
4096,4,3,7,0,0,0,1
4097,4,5,26,0,0,0,1
4098,4,4,14,1,0,0,1
4099,4,4,8,1,0,1,0
4100,4,4,2,1,0,1,0
4101,4,3,7,0,0,0,1
4102,4,6,8,1,0,1,1
4103,4,6,8,1,0,1,1
4104,4,4,2,1,0,1,1
4105,4,4,14,1,0,1,1
4106,4,6,18,1,0,1,0
4107,4,4,6,1,0,0,0
4108,4,6,18,1,0,1,0
4109,4,4,6,1,0,1,0
4110,4,3,7,0,0,1,1
4111,4,6,8,1,0,0,0
4112,4,3,7,0,0,0,1
4113,4,4,8,1,0,0,1
4114,4,5,26,0,0,0,1
4115,2,4,16,1,0,1,1
4116,3,2,1,1,0,1,0
4117,3,5,26,1,0,1,0
4118,3,5,5,0,0,1,1
4119,2,3,8,0,0,0,0
4120,4,4,10,1,0,0,0
4121,1,3,10,0,0,0,1
4122,4,2,6,1,0,0,1
4123,4,6,8,1,0,1,1
4124,4,4,6,1,0,0,1
4125,4,4,2,1,0,0,0
4126,4,3,7,0,0,1,0
4127,4,2,10,1,1,0,0
4128,4,4,8,0,1,0,0
4129,4,6,8,0,1,0,1
4130,4,5,8,1,1,1,1
4131,3,2,2,0,0,1,0
4132,3,5,13,1,0,1,1
4133,3,3,14,1,0,1,0
4134,2,5,18,0,0,1,1
4135,4,4,6,1,0,0,0
4136,4,6,8,1,0,0,1
4137,4,3,7,0,0,1,1
4138,4,4,2,1,0,0,0
4139,2,4,16,1,0,1,0
4140,3,5,13,1,0,1,1
4141,3,3,13,1,0,1,1
4142,4,4,11,1,0,1,0
4143,4,4,2,1,1,0,0
4144,4,4,6,1,1,1,1
4145,4,3,7,0,0,0,0
4146,4,6,8,1,1,0,1
4147,4,6,8,0,0,1,0
4148,4,4,8,0,0,0,1
4149,4,2,10,1,0,1,1
4150,4,5,8,1,0,0,0
4151,3,3,13,1,0,1,0
4152,4,4,11,1,0,1,1
4153,3,5,13,1,0,1,0
4154,2,4,16,1,0,1,1
4155,4,3,7,0,0,0,0
4156,4,4,2,1,0,0,1
4157,4,6,8,1,0,0,0
4158,4,4,6,1,0,1,1
4159,4,4,6,1,0,1,1
4160,4,4,2,1,0,0,0
4161,4,3,7,0,0,1,0
4162,4,6,8,1,0,0,1
4163,4,6,8,1,0,1,0
4164,4,4,6,1,0,0,1
4165,4,3,7,0,0,1,0
4166,4,4,2,1,0,0,1
4167,4,6,8,1,0,0,0
4168,4,3,7,0,0,0,1
4169,4,4,2,1,1,1,1
4170,4,4,6,1,0,0,0
4171,4,6,20,0,0,0,0
4172,4,5,26,0,0,0,1
4173,4,5,14,1,0,0,0
4174,4,5,10,1,0,1,1
4175,3,4,6,1,0,1,1
4176,2,2,6,1,0,1,0
4177,3,3,6,1,0,1,0
4178,3,3,6,1,0,1,1
4179,4,3,11,1,0,1,0
4180,4,3,5,0,0,1,0
4181,3,2,10,1,0,1,0
4182,4,1,12,1,0,1,1
4183,3,3,9,1,0,1,1
4184,4,3,5,0,0,1,1
4185,4,1,4,1,0,1,0
4186,3,4,4,1,0,1,0
4187,4,2,4,1,0,1,1
4188,3,3,4,1,0,1,1
4189,4,4,5,1,0,1,0
4190,4,4,8,1,0,1,1
4191,4,2,6,0,1,1,0
4192,4,3,3,1,0,1,1
4193,4,3,4,1,0,1,1
4194,2,2,7,0,1,1,0
4195,4,3,7,1,0,1,0
4196,4,3,5,0,0,1,0
4197,3,3,8,1,0,1,1
4198,4,3,2,1,0,1,0
4199,4,3,6,1,0,1,0
4200,2,2,3,0,0,1,1
4201,4,3,6,1,0,1,1
4202,4,3,6,0,0,0,1
4203,3,2,12,1,0,1,0
4204,4,5,13,1,0,1,0
4205,2,1,11,1,0,1,1
4206,3,3,13,1,0,1,1
4207,4,3,6,1,0,1,0
4208,4,4,6,1,0,1,1
4209,3,4,21,1,0,1,0
4210,4,3,7,1,0,1,1
4211,3,3,8,1,0,1,0
4212,3,3,11,1,0,1,1
4213,4,4,9,1,0,1,0
4214,4,4,15,1,0,1,1
4215,4,3,6,1,0,1,0
4216,4,2,5,1,0,1,0
4217,3,3,7,1,0,0,1
4218,1,3,4,1,0,0,1
4219,4,3,7,0,0,0,0
4220,3,2,4,1,0,1,0
4221,4,4,21,1,0,1,1
4222,4,2,13,1,0,1,1
4223,3,4,9,1,0,1,1
4224,4,3,4,1,0,1,0
4225,4,3,4,1,0,1,0
4226,4,5,5,1,0,1,1
4227,4,4,4,1,0,1,0
4228,4,3,5,1,0,1,1
4229,4,4,4,1,0,1,0
4230,4,3,5,0,0,1,0
4231,4,3,4,1,0,1,1
4232,0,2,5,1,0,0,1
4233,4,4,6,1,0,1,0
4234,3,4,6,1,0,1,1
4235,4,4,6,1,0,1,1
4236,4,2,7,1,0,1,0
4237,4,4,5,1,0,1,1
4238,4,6,5,1,0,1,0
4239,4,2,4,1,0,1,0
4240,4,5,8,1,0,1,1
4241,2,2,6,0,0,1,0
4242,4,3,2,1,1,0,1
4243,4,2,6,0,0,0,1
4244,3,3,6,1,1,0,0
4245,4,3,3,1,0,0,0
4246,4,2,4,1,1,1,0
4247,4,4,2,1,1,1,1
4248,4,4,5,1,0,1,0
4249,4,5,4,1,1,1,1
4250,2,3,5,0,0,0,1
4251,4,2,6,1,0,1,1
4252,4,3,4,0,0,0,0
4253,4,2,5,0,0,0,0
4254,4,4,6,1,0,1,0
4255,4,4,6,1,0,1,1
4256,2,2,5,0,0,1,1
4257,4,5,6,1,0,1,0
4258,3,3,5,1,0,1,1
4259,2,3,4,0,0,0,0
4260,4,5,6,1,0,1,0
4261,4,4,6,1,0,1,0
4262,4,2,6,1,0,1,1
4263,2,3,5,1,0,0,1
4264,4,4,6,1,0,1,1
4265,4,4,6,1,0,1,0
4266,4,2,4,1,0,1,1
4267,4,4,5,1,0,1,0
4268,4,6,7,1,0,1,1
4269,4,4,6,1,0,1,0
4270,4,2,6,1,0,1,1
4271,4,3,2,1,0,1,1
4272,4,4,6,1,0,1,1
4273,4,2,14,1,0,1,0
4274,4,3,3,1,0,0,0
4275,4,4,4,1,0,1,1
4276,4,4,4,1,0,1,0
4277,4,6,4,1,0,1,0
4278,4,2,3,1,0,1,1
4279,2,3,2,1,0,1,0
4280,3,3,4,1,0,1,0
4281,3,3,2,1,0,1,1
4282,3,4,5,1,0,1,1
4283,3,4,20,1,0,1,0
4284,3,3,2,1,0,1,1
4285,4,4,5,1,0,1,1
4286,4,3,2,1,1,0,1
4287,4,2,6,0,1,0,0
4288,4,3,3,1,0,1,0
4289,4,4,5,1,0,1,1
4290,4,4,4,1,0,1,0
4291,4,3,4,1,0,1,1
4292,3,3,3,1,0,1,0
4293,4,3,4,0,0,1,0
4294,4,3,11,1,0,1,1
4295,4,2,15,1,1,1,0
4296,2,2,14,0,0,1,1
4297,4,4,10,1,1,1,0
4298,0,2,4,1,0,0,1
4299,3,3,4,1,0,1,0
4300,2,2,5,1,0,1,0
4301,3,3,3,1,0,1,1
4302,3,4,6,1,0,1,1
4303,4,5,7,1,0,1,0
4304,3,4,6,1,0,1,0
4305,4,4,11,1,0,1,1
4306,3,3,5,1,0,1,1
4307,4,2,15,1,0,1,1
4308,4,4,3,1,0,1,0
4309,4,3,6,0,0,1,0
4310,4,1,3,1,0,0,1
4311,4,3,3,1,0,1,0
4312,4,2,8,0,0,1,1
4313,3,3,8,1,0,1,0
4314,3,3,16,1,0,1,1
4315,4,4,4,1,0,1,1
4316,3,3,3,1,0,1,0
4317,4,5,7,1,0,1,0
4318,4,4,4,1,0,1,0
4319,4,3,5,0,0,1,0
4320,4,3,4,0,0,0,1
4321,3,4,4,1,0,1,1
4322,4,4,11,1,0,1,1
4323,3,2,12,1,0,1,0
4324,4,4,11,1,0,1,0
4325,3,4,6,1,0,1,1
4326,4,4,9,1,0,1,1
4327,4,3,19,1,0,0,1
4328,2,3,1,0,0,1,1
4329,3,3,6,1,0,1,0
4330,4,5,5,1,0,1,0
4331,4,5,21,1,0,0,1
4332,3,4,21,1,0,1,1
4333,4,4,20,1,1,1,0
4334,3,3,19,1,0,1,0
4335,3,4,10,1,1,1,0
4336,4,5,8,1,1,1,1
4337,4,6,8,1,0,1,0
4338,4,4,2,1,0,0,0
4339,4,4,6,1,0,1,0
4340,4,3,7,0,0,0,1
4341,4,3,7,0,0,0,1
4342,4,4,2,1,0,0,1
4343,4,4,6,1,0,1,0
4344,4,6,8,0,0,1,0
4345,4,4,14,1,0,1,1
4346,4,3,7,0,0,1,1
4347,4,5,8,1,0,1,1
4348,4,4,8,1,0,1,1
4349,4,3,7,0,0,1,1
4350,4,4,2,1,0,1,1
4351,4,2,10,1,0,1,1
4352,4,4,6,1,0,1,0
4353,4,6,18,1,0,1,0
4354,4,6,8,1,0,1,0
4355,4,6,8,1,0,0,0
4356,4,4,8,0,0,1,0
4357,4,4,2,1,0,0,1
4358,4,5,26,0,0,1,0
4359,4,4,6,1,0,0,0
4360,4,6,8,1,0,0,1
4361,3,5,4,1,0,1,0
4362,4,5,14,1,0,1,0
4363,3,2,2,1,1,1,1
4364,2,7,18,1,0,1,1
4365,4,4,8,1,0,0,0
4366,4,6,18,1,0,0,0
4367,4,5,26,0,0,1,1
4368,4,4,14,1,0,0,1
4369,4,4,2,1,0,0,0
4370,4,3,7,0,1,1,0
4371,4,6,8,1,0,1,1
4372,4,4,6,1,0,1,1
4373,4,4,11,1,0,1,0
4374,3,3,7,1,0,1,1
4375,3,6,16,1,0,1,0
4376,3,5,26,1,0,1,1
4377,4,4,2,1,0,0,1
4378,4,4,6,1,0,1,1
4379,4,3,7,0,0,1,0
4380,4,6,8,1,0,0,0
4381,4,4,2,1,0,0,0
4382,4,4,6,1,0,1,1
4383,4,6,8,1,0,1,1
4384,4,3,7,0,0,0,0
4385,4,3,7,0,0,0,0
4386,4,4,2,1,0,0,0
4387,4,4,6,1,0,1,1
4388,4,6,8,1,0,0,1
4389,4,4,8,1,0,0,0
4390,4,6,18,1,0,1,1
4391,4,4,14,1,0,0,0
4392,4,5,26,0,0,0,1
4393,4,6,18,1,0,1,0
4394,4,4,8,1,0,1,0
4395,4,4,14,1,0,0,1
4396,4,5,26,0,0,1,1
4397,4,6,9,1,0,1,1
4398,4,6,7,0,0,1,0
4399,3,5,26,1,0,1,0
4400,3,5,13,1,0,1,1
4401,4,4,8,1,1,0,0
4402,4,5,26,0,1,1,1
4403,4,4,14,1,0,0,0
4404,4,6,18,1,1,1,1
4405,4,3,7,0,0,1,0
4406,4,4,6,1,0,1,1
4407,4,4,7,1,0,1,0
4408,4,4,4,1,0,1,1
4409,4,4,8,1,1,1,1
4410,4,4,8,1,1,1,0
4411,4,3,4,1,0,1,1
4412,4,3,4,1,1,1,0
4413,2,3,3,1,0,1,1
4414,3,3,5,1,0,1,0
4415,1,3,4,1,0,1,0
4416,4,3,2,1,0,0,1
4417,2,2,2,0,0,0,0
4418,4,3,4,1,0,0,1
4419,4,4,15,1,0,1,0
4420,3,3,6,1,0,1,0
4421,4,4,5,1,0,1,1
4422,4,3,7,1,0,1,1
4423,3,3,7,1,0,1,0
4424,3,4,5,1,0,1,1
4425,4,2,4,1,0,1,0
4426,2,3,4,1,0,1,1
4427,2,3,6,0,0,0,0
4428,1,3,4,1,1,0,1
4429,4,3,6,0,0,1,0
4430,1,3,4,1,0,1,1
4431,4,3,3,1,0,1,0
4432,4,2,5,1,0,0,1
4433,3,2,13,1,0,1,0
4434,3,3,15,1,0,1,0
4435,4,3,14,1,0,1,1
4436,4,4,15,1,0,1,1
4437,4,5,7,1,0,1,1
4438,4,5,13,1,0,1,0
4439,4,2,25,1,0,1,1
4440,4,3,6,1,0,1,0
4441,4,3,8,1,0,1,1
4442,4,4,8,1,0,1,0
4443,3,3,8,1,0,1,0
4444,3,3,9,1,0,1,1
4445,4,3,14,1,0,1,0
4446,3,2,12,1,0,1,1
4447,4,2,11,1,0,1,1
4448,4,3,10,1,0,1,0
4449,3,4,6,1,0,1,1
4450,4,3,5,0,0,1,0
4451,4,4,5,1,0,1,0
4452,4,4,7,1,0,1,0
4453,3,2,7,1,0,1,1
4454,4,3,5,0,0,0,1
4455,4,3,3,1,0,1,1
4456,3,3,21,1,0,1,0
4457,3,3,8,1,0,1,0
4458,4,4,8,1,0,1,1
4459,4,3,5,0,0,1,0
4460,4,3,10,1,0,1,0
4461,1,3,4,1,0,0,1
4462,4,4,21,1,0,1,1
4463,3,3,7,1,0,1,1
4464,4,2,5,1,0,1,0
4465,4,4,6,1,0,1,1
4466,4,2,6,1,0,1,0
4467,4,4,7,1,0,1,0
4468,4,5,7,1,0,1,1
4469,4,3,5,1,0,0,0
4470,4,5,5,1,0,0,1
4471,4,2,6,1,0,0,0
4472,4,2,4,0,0,0,0
4473,4,4,2,1,0,0,1
4474,4,3,2,1,0,0,1
4475,4,4,11,1,1,0,0
4476,4,5,11,1,0,0,1
4477,3,2,1,1,0,1,0
4478,2,5,18,0,0,1,1
4479,4,6,9,1,0,1,0
4480,3,2,2,0,0,1,1
4481,4,4,8,1,0,1,0
4482,4,3,4,0,0,1,0
4483,0,2,4,1,0,1,1
4484,4,2,5,1,0,1,0
4485,4,5,9,1,0,1,1
4486,4,4,5,1,0,1,1
4487,4,4,2,1,0,1,1
4488,4,6,4,1,0,1,0
4489,4,2,3,1,0,1,0
4490,1,3,4,1,0,0,0
4491,4,3,1,1,0,1,1
4492,4,4,7,1,0,1,1
4493,4,5,5,1,0,1,1
4494,4,4,5,1,0,1,0
4495,4,2,4,1,0,1,1
4496,4,4,4,1,0,1,0
4497,4,3,3,1,0,1,1
4498,4,4,6,1,0,1,0
4499,4,6,7,1,0,1,1
4500,4,4,4,1,0,1,1
4501,4,2,5,1,0,1,0
4502,4,3,2,1,0,1,0
4503,4,4,3,1,0,1,0
4504,4,4,4,1,0,1,0
4505,4,2,3,1,0,1,1
4506,4,5,8,1,0,1,1
4507,4,4,5,1,0,1,0
4508,3,3,4,1,0,1,1
4509,3,3,2,1,0,1,0
4510,3,4,5,1,0,1,1
4511,3,4,20,1,0,1,0
4512,3,3,6,1,0,0,1
4513,4,4,5,1,0,1,1
4514,2,3,4,0,0,0,0
4515,4,3,3,1,0,1,0
4516,3,3,2,1,0,1,1
4517,2,3,3,1,0,1,0
4518,3,3,5,1,0,1,0
4519,3,3,16,1,0,1,1
4520,3,4,6,1,0,1,1
4521,4,5,7,1,0,1,1
4522,4,4,12,1,0,1,0
4523,3,3,6,0,0,0,0
4524,4,3,5,0,0,0,1
4525,3,3,3,1,0,1,0
4526,4,4,6,1,0,1,1
4527,4,3,6,1,0,1,0
4528,4,4,5,1,0,1,1
4529,3,3,3,1,0,1,0
4530,4,4,6,1,0,1,1
4531,4,4,6,1,0,1,1
4532,3,4,21,1,0,1,0
4533,3,4,6,1,0,1,0
4534,3,3,3,1,0,1,1
4535,2,3,6,0,0,0,0
4536,4,4,5,1,0,1,0
4537,3,3,4,1,0,1,1
4538,4,2,5,0,0,1,1
4539,4,4,4,1,0,1,1
4540,4,3,4,1,0,1,0
4541,3,2,3,0,0,0,0
4542,4,1,9,1,0,1,1
4543,3,4,2,1,0,1,0
4544,4,4,4,1,0,1,0
4545,4,4,11,1,0,1,1
4546,4,5,7,1,0,1,1
4547,3,4,4,1,0,1,0
4548,2,5,20,1,0,1,1
4549,2,3,4,1,0,1,0
4550,4,5,7,1,0,0,1
4551,4,4,5,1,0,1,1
4552,4,3,6,1,0,1,0
4553,4,5,12,0,0,1,0
4554,3,4,9,1,0,1,0
4555,4,2,5,1,0,1,0
4556,3,2,10,0,0,1,1
4557,4,2,15,1,0,1,1
4558,3,4,4,1,0,1,1
4559,4,1,5,1,1,1,0
4560,4,3,10,1,0,1,0
4561,4,3,9,1,0,1,1
4562,4,5,4,1,1,0,1
4563,4,5,26,0,0,1,0
4564,4,6,8,1,0,1,0
4565,4,6,18,1,0,0,0
4566,4,4,14,1,0,0,0
4567,4,6,8,1,0,0,0
4568,4,3,13,1,0,1,0
4569,4,6,18,1,0,0,1
4570,4,4,8,1,0,1,1
4571,4,4,2,1,0,1,0
4572,4,5,8,0,0,0,1
4573,4,4,14,1,0,0,1
4574,4,4,2,1,0,0,1
4575,4,3,7,0,0,0,0
4576,4,4,20,0,0,0,0
4577,4,4,6,1,0,0,1
4578,4,5,26,0,0,1,0
4579,4,5,26,0,0,1,0
4580,4,7,5,1,0,1,1
4581,4,4,8,1,0,1,1
4582,4,3,7,0,0,1,0
4583,4,6,18,1,0,1,0
4584,4,4,6,1,0,0,0
4585,4,4,6,1,0,0,1
4586,4,4,2,1,0,0,1
4587,4,3,7,0,0,1,0
4588,4,4,2,1,0,1,0
4589,4,3,7,0,0,1,1
4590,4,6,8,1,0,1,1
4591,4,4,6,1,0,1,1
4592,4,4,8,1,0,0,1
4593,4,4,14,1,0,0,1
4594,4,6,8,1,0,0,1
4595,4,4,14,1,0,1,0
4596,4,5,26,0,0,1,0
4597,4,6,18,1,0,1,1
4598,4,4,8,1,0,0,1
4599,4,5,8,1,0,1,1
4600,4,6,8,0,0,0,0
4601,4,2,10,1,0,0,1
4602,4,4,8,0,0,1,0
4603,4,4,14,1,0,1,0
4604,4,5,26,0,1,1,1
4605,4,4,8,1,0,1,0
4606,4,6,18,1,0,1,1
4607,4,4,14,1,0,1,0
4608,4,6,18,1,0,1,1
4609,4,5,26,0,0,0,1
4610,4,4,8,1,0,1,0
4611,3,5,5,0,0,1,0
4612,4,6,9,1,1,1,0
4613,2,4,19,0,0,1,1
4614,3,5,13,1,0,1,1
4615,4,3,13,1,0,1,0
4616,4,5,8,0,0,1,1
4617,4,7,5,1,0,0,0
4618,4,4,20,0,0,0,1
4619,3,3,4,1,0,1,0
4620,4,5,14,1,0,1,0
4621,4,6,9,1,0,1,1
4622,3,5,5,0,0,1,1
4623,4,4,2,1,0,0,0
4624,4,3,7,0,0,1,1
4625,4,4,6,1,0,1,0
4626,4,6,8,1,0,1,1
4627,4,4,20,0,0,0,0
4628,4,7,5,1,0,0,1
4629,4,5,8,0,0,1,1
4630,4,3,13,1,0,1,0
4631,4,4,11,1,0,1,1
4632,3,3,7,1,0,1,0
4633,3,5,26,1,0,1,1
4634,4,6,9,1,0,1,0
4635,4,4,6,1,0,0,0
4636,4,4,7,1,0,1,1
4637,4,3,7,0,0,0,1
4638,4,4,4,1,0,1,0
4639,3,2,7,1,0,1,1
4640,4,4,6,1,0,1,1
4641,4,4,11,1,0,1,0
4642,3,4,5,1,0,1,0
4643,2,2,2,0,0,0,0
4644,2,1,6,1,0,1,0
4645,4,3,2,1,0,1,1
4646,3,2,7,1,0,1,1
4647,4,3,3,1,0,1,0
4648,3,3,8,1,0,1,1
4649,1,3,4,1,0,0,1
4650,4,4,7,1,0,1,0
4651,4,3,5,1,0,1,0
4652,3,3,8,1,0,1,1
4653,4,1,4,1,0,1,0
4654,3,2,4,1,0,1,1
4655,3,3,4,1,0,1,0
4656,4,3,4,1,0,1,1
4657,4,4,5,1,0,1,0
4658,2,2,4,1,0,1,1
4659,4,2,5,0,0,0,1
4660,4,3,3,1,0,0,1
4661,4,3,3,1,0,1,0
4662,1,3,4,1,0,1,0
4663,4,2,5,1,0,1,0
4664,4,3,3,0,0,1,0
4665,3,4,21,1,0,1,0
4666,1,3,4,1,0,0,1
4667,3,3,22,1,0,1,1
4668,4,3,6,0,0,1,1
4669,4,3,7,1,0,1,1
4670,3,2,6,1,0,1,0
4671,4,3,8,1,0,1,1
4672,3,2,8,1,0,1,0
4673,4,3,6,1,0,1,1
4674,3,3,9,1,0,1,0
4675,3,3,8,1,0,1,0
4676,4,4,8,1,0,1,1
4677,4,5,13,1,0,1,0
4678,4,5,7,1,1,1,1
4679,4,2,19,1,1,1,1
4680,4,4,21,1,0,1,0
4681,4,4,7,1,0,1,0
4682,3,2,9,1,0,1,0
4683,4,5,7,1,0,1,1
4684,4,3,6,1,0,1,1
4685,3,2,7,1,0,1,1
4686,4,3,6,0,0,0,0
4687,3,4,6,1,0,1,0
4688,4,4,7,1,0,1,0
4689,4,4,5,1,0,1,1
4690,0,2,4,1,0,0,1
4691,3,2,4,1,0,1,1
4692,4,2,23,1,0,1,0
4693,4,4,21,1,0,1,1
4694,4,3,7,1,0,1,0
4695,4,4,6,0,0,1,0
4696,4,2,6,1,0,1,1
4697,4,3,6,1,0,1,0
4698,3,3,4,1,0,1,1
4699,3,3,5,1,0,1,1
4700,4,4,6,1,1,1,0
4701,2,2,6,1,0,1,1
4702,4,3,7,1,1,1,0
4703,4,4,6,1,0,0,1
4704,4,2,4,1,1,0,0
4705,3,5,4,1,0,0,0
4706,4,6,5,1,1,0,1
4707,2,4,5,0,0,0,0
4708,4,3,10,1,0,0,0
4709,2,4,6,1,0,0,1
4710,4,3,6,1,0,0,1
4711,3,3,6,1,0,0,1
4712,2,3,7,1,0,0,0
4713,4,3,6,0,0,1,1
4714,1,3,4,1,0,1,0
4715,3,3,4,1,0,1,0
4716,4,5,14,1,0,1,0
4717,4,4,11,1,0,1,1
4718,3,3,14,1,0,1,1
4719,4,4,3,1,0,1,1
4720,4,2,3,0,0,1,0
4721,4,6,6,1,0,1,0
4722,4,2,3,1,0,1,0
4723,4,2,3,0,0,1,1
4724,4,4,7,1,0,1,1
4725,4,5,4,1,0,1,1
4726,4,6,4,1,1,1,0
4727,4,4,2,1,0,1,0
4728,4,3,2,1,0,1,0
4729,4,4,5,1,1,1,1
4730,2,3,5,0,0,0,1
4731,4,2,7,1,0,1,1
4732,4,2,15,1,0,1,0
4733,4,4,9,1,0,1,0
4734,4,4,12,1,0,1,1
4735,2,2,7,0,0,1,0
4736,4,5,6,1,1,1,1
4737,4,4,5,1,1,1,0
4738,4,4,7,1,1,1,1
4739,3,3,6,1,0,1,1
4740,4,2,6,1,1,1,0
4741,3,3,2,1,0,1,1
4742,3,4,21,1,0,1,0
4743,4,4,5,1,0,1,0
4744,4,3,3,1,0,1,1
4745,3,3,16,1,0,1,0
4746,4,1,6,1,0,1,0
4747,2,3,3,1,0,1,1
4748,3,4,5,1,0,1,0
4749,4,1,1,1,0,1,1
4750,3,3,3,1,0,1,1
4751,4,2,12,1,0,1,0
4752,4,3,7,1,0,1,1
4753,4,3,4,1,0,1,0
4754,3,3,5,1,0,1,1
4755,4,4,6,1,0,1,0
4756,4,1,3,1,0,1,0
4757,3,3,3,1,0,1,0
4758,4,2,5,0,1,1,1
4759,4,5,7,1,0,1,1
4760,4,4,12,1,0,1,1
4761,4,3,10,1,0,1,1
4762,3,3,3,1,0,1,0
4763,4,4,9,1,0,1,0
4764,4,4,5,1,0,1,1
4765,4,4,5,1,0,1,0
4766,4,4,8,1,0,1,1
4767,3,3,5,1,0,1,0
4768,2,2,6,0,0,0,0
4769,4,3,2,1,0,1,1
4770,4,4,5,1,0,1,1
4771,3,4,6,1,0,1,0
4772,2,3,3,1,0,1,1
4773,3,2,3,0,0,1,0
4774,4,1,9,1,0,0,1
4775,4,4,8,1,0,1,1
4776,3,4,8,1,0,1,0
4777,3,4,8,1,0,1,0
4778,3,3,8,1,0,1,1
4779,4,3,2,1,0,0,0
4780,4,2,25,1,0,1,0
4781,4,3,6,1,0,1,1
4782,4,2,2,0,0,1,1
4783,3,3,18,1,1,0,0
4784,4,4,8,1,1,1,1
4785,4,3,6,1,0,1,0
4786,4,2,15,1,0,1,0
4787,4,5,13,1,0,1,1
4788,4,3,5,1,0,1,1
4789,4,3,12,1,1,1,0
4790,4,2,14,0,0,1,1
4791,4,1,6,1,0,0,0
4792,2,3,5,0,0,0,0
4793,2,5,8,1,0,0,1
4794,3,3,10,0,0,0,1
4795,4,4,6,1,0,0,0
4796,4,6,8,1,0,0,1
4797,4,2,10,1,0,1,1
4798,4,4,2,1,0,1,0
4799,4,4,2,1,0,0,0
4800,4,3,7,0,0,0,0
4801,4,6,8,1,0,0,1
4802,4,3,7,0,0,0,1
4803,4,4,8,0,0,0,0
4804,4,3,7,0,0,1,0
4805,4,4,6,1,0,0,1
4806,4,6,8,1,0,0,1
4807,4,4,6,1,0,1,1
4808,4,4,6,1,0,1,1
4809,4,3,7,0,0,1,1
4810,4,6,8,0,0,1,0
4811,4,4,2,1,0,1,0
4812,4,4,2,1,0,1,0
4813,4,6,8,1,0,0,1
4814,4,3,7,0,0,1,0
4815,4,6,8,1,0,1,0
4816,4,5,8,1,0,0,1
4817,4,3,7,0,0,1,0
4818,4,4,2,1,0,1,0
4819,4,6,8,1,0,1,1
4820,4,4,6,1,0,0,0
4821,4,4,2,1,0,0,1
4822,4,4,6,1,0,0,1
4823,4,6,9,1,0,1,0
4824,3,3,7,1,0,1,1
4825,4,4,11,1,0,1,0
4826,2,4,16,1,0,1,1
4827,4,4,2,1,1,0,0
4828,4,6,8,1,0,0,1
4829,4,4,6,1,0,1,1
4830,4,3,7,0,1,0,0
4831,3,3,4,1,0,1,0
4832,3,3,4,1,0,1,0
4833,3,5,5,0,0,1,1
4834,4,5,14,1,0,1,1
4835,4,4,6,1,0,0,0
4836,4,6,8,1,0,0,1
4837,4,4,2,1,0,0,0
4838,4,3,7,0,0,0,1
4839,4,4,6,1,0,0,0
4840,4,4,2,1,0,0,0
4841,4,3,7,0,0,0,1
4842,4,6,8,1,0,0,1
4843,3,6,16,1,0,1,1
4844,4,4,11,1,1,1,0
4845,3,2,2,1,0,1,1
4846,4,1,5,1,0,1,0
4847,4,4,2,1,1,1,0
4848,4,3,7,0,1,1,0
4849,4,6,8,1,1,1,1
4850,4,4,6,1,0,0,1
4851,3,5,4,1,0,1,1
4852,2,4,19,0,0,1,0
4853,3,5,13,1,0,1,0
4854,3,7,18,1,0,1,1
4855,4,6,8,1,0,0,0
4856,4,3,7,0,0,0,0
4857,4,4,6,1,0,0,1
4858,4,4,2,1,0,1,1
4859,4,4,2,1,0,0,1
4860,4,4,6,1,1,1,1
4861,4,6,8,1,0,0,0
4862,4,3,7,0,1,1,0
4863,3,5,13,1,0,1,0
4864,2,4,16,1,0,1,0
4865,3,5,26,1,0,1,1
4866,3,2,1,1,0,1,1
4867,4,4,6,1,0,1,1
4868,4,6,8,1,0,0,0
4869,4,4,2,1,0,1,1
4870,4,3,7,0,0,1,0
